pool_id,protocol_id,project,chain,business_type,deposit_contract,withdraw_contract,lp_token,stake_token,reward_token,name,description
0xbebc44782c7db0a1a60cb6fe97d0b483032ff1c7,3,curve,ethereum,dex,0xbebc44782c7db0a1a60cb6fe97d0b483032ff1c7,0xbebc44782c7db0a1a60cb6fe97d0b483032ff1c7,,0x6b175474e89094c44da98b954eedeac495271d0f-0xa0b86991c6218b36c1d19d4a2e9eb0ce3606eb48-0xdac17f958d2ee523a2206206994597c13d831ec7,,3pool,
0xdebf20617708857ebe4f679508e7b7863a8a8eee,3,curve,ethereum,dex,0xdebf20617708857ebe4f679508e7b7863a8a8eee,0xdebf20617708857ebe4f679508e7b7863a8a8eee,,0x6b175474e89094c44da98b954eedeac495271d0f-0xa0b86991c6218b36c1d19d4a2e9eb0ce3606eb48-0xdac17f958d2ee523a2206206994597c13d831ec7,,aave,
0xa96a65c051bf88b4095ee1f2451c2a9d43f53ae2,3,curve,ethereum,dex,0xa96a65c051bf88b4095ee1f2451c2a9d43f53ae2,0xa96a65c051bf88b4095ee1f2451c2a9d43f53ae2,,0xeeeeeeeeeeeeeeeeeeeeeeeeeeeeeeeeeeeeeeee-0x0000000000000000000000000000000000000000,,aeth,
0x79a8c46dea5ada233abaffd40f3a0a2b1e5a4f27,3,curve,ethereum,dex,0x79a8c46dea5ada233abaffd40f3a0a2b1e5a4f27,0x79a8c46dea5ada233abaffd40f3a0a2b1e5a4f27,,0x6b175474e89094c44da98b954eedeac495271d0f-0xa0b86991c6218b36c1d19d4a2e9eb0ce3606eb48-0xdac17f958d2ee523a2206206994597c13d831ec7-0x4fabb145d64652a948d72533023f6e7a623c7c53,,busd,
0xa2b47e3d5c44877cca798226b7b8118f9bfb7a56,3,curve,ethereum,dex,0xa2b47e3d5c44877cca798226b7b8118f9bfb7a56,0xa2b47e3d5c44877cca798226b7b8118f9bfb7a56,,0x6b175474e89094c44da98b954eedeac495271d0f-0xa0b86991c6218b36c1d19d4a2e9eb0ce3606eb48,,compound,
0x0ce6a5ff5217e38315f87032cf90686c96627caa,3,curve,ethereum,dex,0x0ce6a5ff5217e38315f87032cf90686c96627caa,0x0ce6a5ff5217e38315f87032cf90686c96627caa,,0xdb25f211ab05b1c97d595516f45794528a807ad8-0xd71ecff9342a5ced620049e616c5035f1db98620,,eurs,
0x4ca9b3063ec5866a4b82e437059d2c43d1be596f,3,curve,ethereum,dex,0x4ca9b3063ec5866a4b82e437059d2c43d1be596f,0x4ca9b3063ec5866a4b82e437059d2c43d1be596f,,0x0316eb71485b0ab14103307bf65a021042c6d380-0x2260fac5e5542a773aa44fbcfedf7c193bc2c599,,hbtc,
0x2dded6da1bf5dbdf597c45fcfaa3194e53ecfeaf,3,curve,ethereum,dex,0x2dded6da1bf5dbdf597c45fcfaa3194e53ecfeaf,0x2dded6da1bf5dbdf597c45fcfaa3194e53ecfeaf,,0x6b175474e89094c44da98b954eedeac495271d0f-0xa0b86991c6218b36c1d19d4a2e9eb0ce3606eb48-0xdac17f958d2ee523a2206206994597c13d831ec7,,ib,
0xf178c0b5bb7e7abf4e12a4838c7b7c5ba2c623c0,3,curve,ethereum,dex,0xf178c0b5bb7e7abf4e12a4838c7b7c5ba2c623c0,0xf178c0b5bb7e7abf4e12a4838c7b7c5ba2c623c0,,0x514910771af9ca656af840dff83e8264ecf986ca-0xbbc455cb4f1b9e4bfc4b73970d360c8f032efee6,,link,
0x06364f10b501e868329afbc005b3492902d6c763,3,curve,ethereum,dex,0x06364f10b501e868329afbc005b3492902d6c763,0x06364f10b501e868329afbc005b3492902d6c763,,0x6b175474e89094c44da98b954eedeac495271d0f-0xa0b86991c6218b36c1d19d4a2e9eb0ce3606eb48-0xdac17f958d2ee523a2206206994597c13d831ec7-0x8e870d67f660d95d5be530380d0ec0bd388289e1,,pax,
0x93054188d876f558f4a66b2ef1d97d16edf0895b,3,curve,ethereum,dex,0x93054188d876f558f4a66b2ef1d97d16edf0895b,0x93054188d876f558f4a66b2ef1d97d16edf0895b,,0x0000000000000000000000000000000000000000-0x2260fac5e5542a773aa44fbcfedf7c193bc2c599,,ren,
0xeb16ae0052ed37f479f7fe63849198df1765a733,3,curve,ethereum,dex,0xeb16ae0052ed37f479f7fe63849198df1765a733,0xeb16ae0052ed37f479f7fe63849198df1765a733,,0x6b175474e89094c44da98b954eedeac495271d0f-0x57ab1ec28d129707052df4df418d58a2d46d5f51,,saave,
0x7fc77b5c7614e1533320ea6ddc2eb61fa00a9714,3,curve,ethereum,dex,0x7fc77b5c7614e1533320ea6ddc2eb61fa00a9714,0x7fc77b5c7614e1533320ea6ddc2eb61fa00a9714,,0x0000000000000000000000000000000000000000-0x2260fac5e5542a773aa44fbcfedf7c193bc2c599-0xfe18be6b3bd88a2d2a7f928d00292e7a9963cfc6,,sbtc,
0xc5424b857f758e906013f3555dad202e4bdb4567,3,curve,ethereum,dex,0xc5424b857f758e906013f3555dad202e4bdb4567,0xc5424b857f758e906013f3555dad202e4bdb4567,,0xeeeeeeeeeeeeeeeeeeeeeeeeeeeeeeeeeeeeeeee-0x5e74c9036fb86bd7ecdcb084a0673efc32ea31cb,,seth,
0xdc24316b9ae028f1497c275eb9192a3ea0f67022,3,curve,ethereum,dex,0xdc24316b9ae028f1497c275eb9192a3ea0f67022,0xdc24316b9ae028f1497c275eb9192a3ea0f67022,,0xeeeeeeeeeeeeeeeeeeeeeeeeeeeeeeeeeeeeeeee-0xae7ab96520de3a18e5e111b5eaab095312d7fe84,,steth,
0xa5407eae9ba41422680e2e00537571bcc53efbfd,3,curve,ethereum,dex,0xa5407eae9ba41422680e2e00537571bcc53efbfd,0xa5407eae9ba41422680e2e00537571bcc53efbfd,,0x6b175474e89094c44da98b954eedeac495271d0f-0xa0b86991c6218b36c1d19d4a2e9eb0ce3606eb48-0xdac17f958d2ee523a2206206994597c13d831ec7-0x57ab1ec28d129707052df4df418d58a2d46d5f51,,susd,
0x52ea46506b9cc5ef470c5bf89f17dc28bb35d85c,3,curve,ethereum,dex,0x52ea46506b9cc5ef470c5bf89f17dc28bb35d85c,0x52ea46506b9cc5ef470c5bf89f17dc28bb35d85c,,0x6b175474e89094c44da98b954eedeac495271d0f-0xa0b86991c6218b36c1d19d4a2e9eb0ce3606eb48-0xdac17f958d2ee523a2206206994597c13d831ec7,,usdt,
0x45f783cce6b7ff23b2ab2d70e416cdb7d6055f51,3,curve,ethereum,dex,0x45f783cce6b7ff23b2ab2d70e416cdb7d6055f51,0x45f783cce6b7ff23b2ab2d70e416cdb7d6055f51,,0x6b175474e89094c44da98b954eedeac495271d0f-0xa0b86991c6218b36c1d19d4a2e9eb0ce3606eb48-0xdac17f958d2ee523a2206206994597c13d831ec7-0x0000000000085d4780b73119b644ae5ecd22b376,,y,
0x8038c01a0390a8c547446a0b2c18fc9aefecc10c,3,curve,ethereum,dex,0x8038c01a0390a8c547446a0b2c18fc9aefecc10c,0x8038c01a0390a8c547446a0b2c18fc9aefecc10c,,0x5bc25f649fc4e26069ddf4cf4010f9f706c23831-0x6b175474e89094c44da98b954eedeac495271d0f-0xa0b86991c6218b36c1d19d4a2e9eb0ce3606eb48-0xdac17f958d2ee523a2206206994597c13d831ec7,,dusd,
0x4f062658eaaf2c1ccf8c8e36d6824cdf41167956,3,curve,ethereum,dex,0x4f062658eaaf2c1ccf8c8e36d6824cdf41167956,0x4f062658eaaf2c1ccf8c8e36d6824cdf41167956,,0x056fd409e1d7a124bd7017459dfea2f387b6d5cd-0x6b175474e89094c44da98b954eedeac495271d0f-0xa0b86991c6218b36c1d19d4a2e9eb0ce3606eb48-0xdac17f958d2ee523a2206206994597c13d831ec7,,gusd,
0x3ef6a01a0f81d6046290f3e2a8c5b843e738e604,3,curve,ethereum,dex,0x3ef6a01a0f81d6046290f3e2a8c5b843e738e604,0x3ef6a01a0f81d6046290f3e2a8c5b843e738e604,,0xdf574c24545e5ffecb9a659c229253d4111d87e1-0x6b175474e89094c44da98b954eedeac495271d0f-0xa0b86991c6218b36c1d19d4a2e9eb0ce3606eb48-0xdac17f958d2ee523a2206206994597c13d831ec7,,husd,
0xe7a24ef0c5e95ffb0f6684b813a78f2a3ad7d171,3,curve,ethereum,dex,0xe7a24ef0c5e95ffb0f6684b813a78f2a3ad7d171,0xe7a24ef0c5e95ffb0f6684b813a78f2a3ad7d171,,0x0e2ec54fc0b509f445631bf4b91ab8168230c752-0x6b175474e89094c44da98b954eedeac495271d0f-0xa0b86991c6218b36c1d19d4a2e9eb0ce3606eb48-0xdac17f958d2ee523a2206206994597c13d831ec7,,linkusd,
0x8474ddbe98f5aa3179b3b3f5942d724afcdec9f6,3,curve,ethereum,dex,0x8474ddbe98f5aa3179b3b3f5942d724afcdec9f6,0x8474ddbe98f5aa3179b3b3f5942d724afcdec9f6,,0xe2f2a5c287993345a840db3b0845fbc70f5935a5-0x6b175474e89094c44da98b954eedeac495271d0f-0xa0b86991c6218b36c1d19d4a2e9eb0ce3606eb48-0xdac17f958d2ee523a2206206994597c13d831ec7,,musd,
0xc18cc39da8b11da8c3541c598ee022258f9744da,3,curve,ethereum,dex,0xc18cc39da8b11da8c3541c598ee022258f9744da,0xc18cc39da8b11da8c3541c598ee022258f9744da,,0x196f4727526ea7fb1e17b2071b3d8eaa38486988-0x6b175474e89094c44da98b954eedeac495271d0f-0xa0b86991c6218b36c1d19d4a2e9eb0ce3606eb48-0xdac17f958d2ee523a2206206994597c13d831ec7,,rsv,
0x3e01dd8a5e1fb3481f0f589056b428fc308af0fb,3,curve,ethereum,dex,0x3e01dd8a5e1fb3481f0f589056b428fc308af0fb,0x3e01dd8a5e1fb3481f0f589056b428fc308af0fb,,0x1c48f86ae57291f7686349f12601910bd8d470bb-0x6b175474e89094c44da98b954eedeac495271d0f-0xa0b86991c6218b36c1d19d4a2e9eb0ce3606eb48-0xdac17f958d2ee523a2206206994597c13d831ec7,,usdk,
0x0f9cb53ebe405d49a0bbdbd291a65ff571bc83e1,3,curve,ethereum,dex,0x0f9cb53ebe405d49a0bbdbd291a65ff571bc83e1,0x0f9cb53ebe405d49a0bbdbd291a65ff571bc83e1,,0x674c6ad92fd080e4004b2312b45f796a192d27a0-0x6b175474e89094c44da98b954eedeac495271d0f-0xa0b86991c6218b36c1d19d4a2e9eb0ce3606eb48-0xdac17f958d2ee523a2206206994597c13d831ec7,,usdn,
0x42d7025938bec20b69cbae5a77421082407f053a,3,curve,ethereum,dex,0x42d7025938bec20b69cbae5a77421082407f053a,0x42d7025938bec20b69cbae5a77421082407f053a,,0x1456688345527be1f37e9e627da0837d6f08c925-0x6b175474e89094c44da98b954eedeac495271d0f-0xa0b86991c6218b36c1d19d4a2e9eb0ce3606eb48-0xdac17f958d2ee523a2206206994597c13d831ec7,,usdp,
0x890f4e345b1daed0367a877a1612f86a1f86985f,3,curve,ethereum,dex,0x890f4e345b1daed0367a877a1612f86a1f86985f,0x890f4e345b1daed0367a877a1612f86a1f86985f,,0xa47c8bf37f92abed4a126bda807a7b7498661acd-0x6b175474e89094c44da98b954eedeac495271d0f-0xa0b86991c6218b36c1d19d4a2e9eb0ce3606eb48-0xdac17f958d2ee523a2206206994597c13d831ec7,,ust,
0x071c661b4deefb59e2a3ddb20db036821eee8f4b,3,curve,ethereum,dex,0x071c661b4deefb59e2a3ddb20db036821eee8f4b,0x071c661b4deefb59e2a3ddb20db036821eee8f4b,,0x9be89d2a4cd102d8fecc6bf9da793be995c22541-0xeb4c2781e4eba804ce9a9803c67d0893436bb27d-0x2260fac5e5542a773aa44fbcfedf7c193bc2c599-0xfe18be6b3bd88a2d2a7f928d00292e7a9963cfc6,,bbtc,
0xd81da8d904b52208541bade1bd6595d8a251f8dd,3,curve,ethereum,dex,0xd81da8d904b52208541bade1bd6595d8a251f8dd,0xd81da8d904b52208541bade1bd6595d8a251f8dd,,0x8064d9ae6cdf087b1bcd5bdf3531bd5d8c537a68-0xeb4c2781e4eba804ce9a9803c67d0893436bb27d-0x2260fac5e5542a773aa44fbcfedf7c193bc2c599-0xfe18be6b3bd88a2d2a7f928d00292e7a9963cfc6,,obtc,
0x7f55dde206dbad629c080068923b36fe9d6bdbef,3,curve,ethereum,dex,0x7f55dde206dbad629c080068923b36fe9d6bdbef,0x7f55dde206dbad629c080068923b36fe9d6bdbef,,0x5228a22e72ccc52d415ecfd199f99d0665e7733b-0xeb4c2781e4eba804ce9a9803c67d0893436bb27d-0x2260fac5e5542a773aa44fbcfedf7c193bc2c599-0xfe18be6b3bd88a2d2a7f928d00292e7a9963cfc6,,pbtc,
0xc25099792e9349c7dd09759744ea681c7de2cb66,3,curve,ethereum,dex,0xc25099792e9349c7dd09759744ea681c7de2cb66,0xc25099792e9349c7dd09759744ea681c7de2cb66,,0x8daebade922df735c38c80c7ebd708af50815faa-0xeb4c2781e4eba804ce9a9803c67d0893436bb27d-0x2260fac5e5542a773aa44fbcfedf7c193bc2c599-0xfe18be6b3bd88a2d2a7f928d00292e7a9963cfc6,,tbtc,
0xecd5e75afb02efa118af914515d6521aabd189f1,3,curve,ethereum,dex,0xecd5e75afb02efa118af914515d6521aabd189f1,0xecd5e75afb02efa118af914515d6521aabd189f1,,0x0000000000085d4780b73119b644ae5ecd22b376-0x6b175474e89094c44da98b954eedeac495271d0f-0xa0b86991c6218b36c1d19d4a2e9eb0ce3606eb48-0xdac17f958d2ee523a2206206994597c13d831ec7,,tusd,
0xed279fdd11ca84beef15af5d39bb4d4bee23f0ca,3,curve,ethereum,dex,0xed279fdd11ca84beef15af5d39bb4d4bee23f0ca,0xed279fdd11ca84beef15af5d39bb4d4bee23f0ca,,0x5f98805a4e8be255a32880fdec7f6728c6568ba0-0x6b175474e89094c44da98b954eedeac495271d0f-0xa0b86991c6218b36c1d19d4a2e9eb0ce3606eb48-0xdac17f958d2ee523a2206206994597c13d831ec7,,lusd,
0xd632f22692fac7611d2aa1c0d552930d43caed3b,3,curve,ethereum,dex,0xd632f22692fac7611d2aa1c0d552930d43caed3b,0xd632f22692fac7611d2aa1c0d552930d43caed3b,,0x853d955acef822db058eb8505911ed77f175b99e-0x6b175474e89094c44da98b954eedeac495271d0f-0xa0b86991c6218b36c1d19d4a2e9eb0ce3606eb48-0xdac17f958d2ee523a2206206994597c13d831ec7,,frax,
0x4807862aa8b2bf68830e4c8dc86d0e9a998e085a,3,curve,ethereum,dex,0x4807862aa8b2bf68830e4c8dc86d0e9a998e085a,0x4807862aa8b2bf68830e4c8dc86d0e9a998e085a,,0x4fabb145d64652a948d72533023f6e7a623c7c53-0x6b175474e89094c44da98b954eedeac495271d0f-0xa0b86991c6218b36c1d19d4a2e9eb0ce3606eb48-0xdac17f958d2ee523a2206206994597c13d831ec7,,busdv2,
0xf9440930043eb3997fc70e1339dbb11f341de7a8,3,curve,ethereum,dex,0xf9440930043eb3997fc70e1339dbb11f341de7a8,0xf9440930043eb3997fc70e1339dbb11f341de7a8,,0xeeeeeeeeeeeeeeeeeeeeeeeeeeeeeeeeeeeeeeee-0x0000000000000000000000000000000000000000,,reth,
0x43b4fdfd4ff969587185cdb6f0bd875c5fc83f8c,3,curve,ethereum,dex,0x43b4fdfd4ff969587185cdb6f0bd875c5fc83f8c,0x43b4fdfd4ff969587185cdb6f0bd875c5fc83f8c,,0xbc6da0fe9ad5f3b0d58160288917aa56653660e9-0x6b175474e89094c44da98b954eedeac495271d0f-0xa0b86991c6218b36c1d19d4a2e9eb0ce3606eb48-0xdac17f958d2ee523a2206206994597c13d831ec7,,alusd,
0x80466c64868e1ab14a1ddf27a676c3fcbe638fe5,3,curve,ethereum,dex,0x80466c64868e1ab14a1ddf27a676c3fcbe638fe5,0x80466c64868e1ab14a1ddf27a676c3fcbe638fe5,,0xdac17f958d2ee523a2206206994597c13d831ec7-0x2260fac5e5542a773aa44fbcfedf7c193bc2c599-0xc02aaa39b223fe8d0a0e5c4f27ead9083c756cc2,,tricrypto,
0xd51a44d3fae010294c616388b506acda1bfaae46,3,curve,ethereum,dex,0xd51a44d3fae010294c616388b506acda1bfaae46,0xd51a44d3fae010294c616388b506acda1bfaae46,,0xdac17f958d2ee523a2206206994597c13d831ec7-0x2260fac5e5542a773aa44fbcfedf7c193bc2c599-0xc02aaa39b223fe8d0a0e5c4f27ead9083c756cc2,,tricrypto2,
0x5a6a4d54456819380173272a5e8e9b9904bdf41b,3,curve,ethereum,dex,0x5a6a4d54456819380173272a5e8e9b9904bdf41b,0x5a6a4d54456819380173272a5e8e9b9904bdf41b,,0x99d8a9c45b2eca8864373a26d1459e3dff1e17f3-0x6b175474e89094c44da98b954eedeac495271d0f-0xa0b86991c6218b36c1d19d4a2e9eb0ce3606eb48-0xdac17f958d2ee523a2206206994597c13d831ec7,,mim,
0xfd5db7463a3ab53fd211b4af195c5bccc1a03890,3,curve,ethereum,dex,0xfd5db7463a3ab53fd211b4af195c5bccc1a03890,0xfd5db7463a3ab53fd211b4af195c5bccc1a03890,,0xc581b735a1688071a1746c968e0798d642ede491-0xd71ecff9342a5ced620049e616c5035f1db98620,,eurt,
0x98a7f18d4e56cfe84e3d081b40001b3d5bd3eb8b,3,curve,ethereum,dex,0x98a7f18d4e56cfe84e3d081b40001b3d5bd3eb8b,0x98a7f18d4e56cfe84e3d081b40001b3d5bd3eb8b,,0xa0b86991c6218b36c1d19d4a2e9eb0ce3606eb48-0xdb25f211ab05b1c97d595516f45794528a807ad8,,eurs,
0x9838eccc42659fa8aa7daf2ad134b53984c9427b,3,curve,ethereum,dex,0x9838eccc42659fa8aa7daf2ad134b53984c9427b,0x9838eccc42659fa8aa7daf2ad134b53984c9427b,,0xc581b735a1688071a1746c968e0798d642ede491-0x6b175474e89094c44da98b954eedeac495271d0f-0xa0b86991c6218b36c1d19d4a2e9eb0ce3606eb48-0xdac17f958d2ee523a2206206994597c13d831ec7,,eurt,
0x9547429c0e2c3a8b88c6833b58fce962734c0e8c,3,curve,ethereum,dex,0x9547429c0e2c3a8b88c6833b58fce962734c0e8c,0x9547429c0e2c3a8b88c6833b58fce962734c0e8c,,0x865377367054516e17014ccded1e7d814edc9ce4-0x6b175474e89094c44da98b954eedeac495271d0f-0xa0b86991c6218b36c1d19d4a2e9eb0ce3606eb48-0xdac17f958d2ee523a2206206994597c13d831ec7,,,
0x43b4fdfd4ff969587185cdb6f0bd875c5fc83f8c,3,curve,ethereum,dex,0x43b4fdfd4ff969587185cdb6f0bd875c5fc83f8c,0x43b4fdfd4ff969587185cdb6f0bd875c5fc83f8c,,0xbc6da0fe9ad5f3b0d58160288917aa56653660e9-0x6b175474e89094c44da98b954eedeac495271d0f-0xa0b86991c6218b36c1d19d4a2e9eb0ce3606eb48-0xdac17f958d2ee523a2206206994597c13d831ec7,,,
0xd632f22692fac7611d2aa1c0d552930d43caed3b,3,curve,ethereum,dex,0xd632f22692fac7611d2aa1c0d552930d43caed3b,0xd632f22692fac7611d2aa1c0d552930d43caed3b,,0x853d955acef822db058eb8505911ed77f175b99e-0x6b175474e89094c44da98b954eedeac495271d0f-0xa0b86991c6218b36c1d19d4a2e9eb0ce3606eb48-0xdac17f958d2ee523a2206206994597c13d831ec7,,,
0x11e0ab0561ee271967f70ea0da54fd538ba7a6b0,3,curve,ethereum,dex,0x11e0ab0561ee271967f70ea0da54fd538ba7a6b0,0x11e0ab0561ee271967f70ea0da54fd538ba7a6b0,,0xa774ffb4af6b0a91331c084e1aebae6ad535e6f3-0x6b175474e89094c44da98b954eedeac495271d0f-0xa0b86991c6218b36c1d19d4a2e9eb0ce3606eb48-0xdac17f958d2ee523a2206206994597c13d831ec7,,,
0xf5a95ccde486b5fe98852bb02d8ec80a4b9422bd,3,curve,ethereum,dex,0xf5a95ccde486b5fe98852bb02d8ec80a4b9422bd,0xf5a95ccde486b5fe98852bb02d8ec80a4b9422bd,,0x71df9dd3e658f0136c40e2e8ec3988a5226e9a67-0x6b175474e89094c44da98b954eedeac495271d0f-0xa0b86991c6218b36c1d19d4a2e9eb0ce3606eb48-0xdac17f958d2ee523a2206206994597c13d831ec7,,,
0xe0b99f540b3cd69f88b4666c8f39877c79072851,3,curve,ethereum,dex,0xe0b99f540b3cd69f88b4666c8f39877c79072851,0xe0b99f540b3cd69f88b4666c8f39877c79072851,,0x4206fc377c22eb4778b5dac3c28d0fa92db43ae4-0x6b175474e89094c44da98b954eedeac495271d0f-0xa0b86991c6218b36c1d19d4a2e9eb0ce3606eb48-0xdac17f958d2ee523a2206206994597c13d831ec7,,,
0x592ae00d0dee274d74faedc6760302f54a5db67e,3,curve,ethereum,dex,0x592ae00d0dee274d74faedc6760302f54a5db67e,0x592ae00d0dee274d74faedc6760302f54a5db67e,,0x575990152169e1c1a4867e81c6ae662caef068fd-0x6b175474e89094c44da98b954eedeac495271d0f-0xa0b86991c6218b36c1d19d4a2e9eb0ce3606eb48-0xdac17f958d2ee523a2206206994597c13d831ec7,,,
0x6f682319f4ee0320a53cc72341ac28408c4bed19,3,curve,ethereum,dex,0x6f682319f4ee0320a53cc72341ac28408c4bed19,0x6f682319f4ee0320a53cc72341ac28408c4bed19,,0x25de492f43661af568f46c0a3f39850aa1d066a0-0x6b175474e89094c44da98b954eedeac495271d0f-0xa0b86991c6218b36c1d19d4a2e9eb0ce3606eb48-0xdac17f958d2ee523a2206206994597c13d831ec7,,,
0x296b9fa08cf80138dfa6c3fcce497152662bc314,3,curve,ethereum,dex,0x296b9fa08cf80138dfa6c3fcce497152662bc314,0x296b9fa08cf80138dfa6c3fcce497152662bc314,,0xe14026c2f4edd463791da1991c74cf16975942f6-0x6b175474e89094c44da98b954eedeac495271d0f-0xa0b86991c6218b36c1d19d4a2e9eb0ce3606eb48-0xdac17f958d2ee523a2206206994597c13d831ec7,,,
0xe9ab166bc03099d251170d0578fdffb94bcdde6f,3,curve,ethereum,dex,0xe9ab166bc03099d251170d0578fdffb94bcdde6f,0xe9ab166bc03099d251170d0578fdffb94bcdde6f,,0x25ae7b9808f6cc3b5e9b8699b62b0395c3f01be0-0x6b175474e89094c44da98b954eedeac495271d0f-0xa0b86991c6218b36c1d19d4a2e9eb0ce3606eb48-0xdac17f958d2ee523a2206206994597c13d831ec7,,,
0x064841157baddcb2704ca38901d7d754a59b80e8,3,curve,ethereum,dex,0x064841157baddcb2704ca38901d7d754a59b80e8,0x064841157baddcb2704ca38901d7d754a59b80e8,,0xcfc013b416be0bd4b3bede35659423b796f8dcf0-0xeb4c2781e4eba804ce9a9803c67d0893436bb27d-0x2260fac5e5542a773aa44fbcfedf7c193bc2c599-0xfe18be6b3bd88a2d2a7f928d00292e7a9963cfc6,,,
0x3252efd4ea2d6c78091a1f43982ee2c3659cc3d1,3,curve,ethereum,dex,0x3252efd4ea2d6c78091a1f43982ee2c3659cc3d1,0x3252efd4ea2d6c78091a1f43982ee2c3659cc3d1,,0xcd91538b91b4ba7797d39a2f66e63810b50a33d0-0x6b175474e89094c44da98b954eedeac495271d0f-0xa0b86991c6218b36c1d19d4a2e9eb0ce3606eb48-0xdac17f958d2ee523a2206206994597c13d831ec7,,,
0xecd5e75afb02efa118af914515d6521aabd189f1,3,curve,ethereum,dex,0xecd5e75afb02efa118af914515d6521aabd189f1,0xecd5e75afb02efa118af914515d6521aabd189f1,,0x0000000000085d4780b73119b644ae5ecd22b376-0x6b175474e89094c44da98b954eedeac495271d0f-0xa0b86991c6218b36c1d19d4a2e9eb0ce3606eb48-0xdac17f958d2ee523a2206206994597c13d831ec7,,,
0x52eeea483ab7a801e2592a904ad209c90e12e471,3,curve,ethereum,dex,0x52eeea483ab7a801e2592a904ad209c90e12e471,0x52eeea483ab7a801e2592a904ad209c90e12e471,,0x368df85396be56f1d475e5d10339211a77e13c32-0x6b175474e89094c44da98b954eedeac495271d0f-0xa0b86991c6218b36c1d19d4a2e9eb0ce3606eb48-0xdac17f958d2ee523a2206206994597c13d831ec7,,,
0x52890a0c018fbab21794ad18e15f87fdb57fb975,3,curve,ethereum,dex,0x52890a0c018fbab21794ad18e15f87fdb57fb975,0x52890a0c018fbab21794ad18e15f87fdb57fb975,,0xd0f05f157ab49b537009594d4605f8ac9564b34b-0x6b175474e89094c44da98b954eedeac495271d0f-0xa0b86991c6218b36c1d19d4a2e9eb0ce3606eb48-0xdac17f958d2ee523a2206206994597c13d831ec7,,,
0x1daf17e6d1d9ed6aa9fe9910ae17be98c2c4e6ba,3,curve,ethereum,dex,0x1daf17e6d1d9ed6aa9fe9910ae17be98c2c4e6ba,0x1daf17e6d1d9ed6aa9fe9910ae17be98c2c4e6ba,,0xfa8490d1c7a270b5f339ea97d05cc7c657774772-0x6b175474e89094c44da98b954eedeac495271d0f-0xa0b86991c6218b36c1d19d4a2e9eb0ce3606eb48-0xdac17f958d2ee523a2206206994597c13d831ec7,,,
0x2b26239f52420d11420bc0982571bfe091417a7d,3,curve,ethereum,dex,0x2b26239f52420d11420bc0982571bfe091417a7d,0x2b26239f52420d11420bc0982571bfe091417a7d,,0xeed0c8d2da6d243329a6f4a8c2ac61a59ecbfa02-0x6b175474e89094c44da98b954eedeac495271d0f-0xa0b86991c6218b36c1d19d4a2e9eb0ce3606eb48-0xdac17f958d2ee523a2206206994597c13d831ec7,,,
0xbd184cd60af678633b3072fd0b47b5d4b7a072f3,3,curve,ethereum,dex,0xbd184cd60af678633b3072fd0b47b5d4b7a072f3,0xbd184cd60af678633b3072fd0b47b5d4b7a072f3,,0x25ae7b9808f6cc3b5e9b8699b62b0395c3f01be0-0x6b175474e89094c44da98b954eedeac495271d0f-0xa0b86991c6218b36c1d19d4a2e9eb0ce3606eb48-0xdac17f958d2ee523a2206206994597c13d831ec7,,,
0x9f6664205988c3bf4b12b851c075102714869535,3,curve,ethereum,dex,0x9f6664205988c3bf4b12b851c075102714869535,0x9f6664205988c3bf4b12b851c075102714869535,,0xc2db4c131adaf01c15a1db654c040c8578929d55-0x6b175474e89094c44da98b954eedeac495271d0f-0xa0b86991c6218b36c1d19d4a2e9eb0ce3606eb48-0xdac17f958d2ee523a2206206994597c13d831ec7,,,
0xf9be07e6e1f28890c1647612187df8c6e4cc035b,3,curve,ethereum,dex,0xf9be07e6e1f28890c1647612187df8c6e4cc035b,0xf9be07e6e1f28890c1647612187df8c6e4cc035b,,0xd29f64577603f2854ab5270e0c68d44cee41e435-0x6b175474e89094c44da98b954eedeac495271d0f-0xa0b86991c6218b36c1d19d4a2e9eb0ce3606eb48-0xdac17f958d2ee523a2206206994597c13d831ec7,,,
0x910a00594dc16dd699d579a8f7811d465dfa2752,3,curve,ethereum,dex,0x910a00594dc16dd699d579a8f7811d465dfa2752,0x910a00594dc16dd699d579a8f7811d465dfa2752,,0xda8b51ebd2ef9addb8f9223116ba1960d9f1388f-0x6b175474e89094c44da98b954eedeac495271d0f-0xa0b86991c6218b36c1d19d4a2e9eb0ce3606eb48-0xdac17f958d2ee523a2206206994597c13d831ec7,,,
0x6df2b0855060439251fee7ed34952b87b68eeed9,3,curve,ethereum,dex,0x6df2b0855060439251fee7ed34952b87b68eeed9,0x6df2b0855060439251fee7ed34952b87b68eeed9,,0xf91c09a2f407753540718209e893e5c96ddb46cc-0x6b175474e89094c44da98b954eedeac495271d0f-0xa0b86991c6218b36c1d19d4a2e9eb0ce3606eb48-0xdac17f958d2ee523a2206206994597c13d831ec7,,,
0xf085c77b66cd32182f3573ca2b10762df3caaa50,3,curve,ethereum,dex,0xf085c77b66cd32182f3573ca2b10762df3caaa50,0xf085c77b66cd32182f3573ca2b10762df3caaa50,,0x8781407e5acbb728ff1f9289107118f8163880d9-0x6b175474e89094c44da98b954eedeac495271d0f-0xa0b86991c6218b36c1d19d4a2e9eb0ce3606eb48-0xdac17f958d2ee523a2206206994597c13d831ec7,,,
0xac63c167955007d5166fec43255ad5675efc3102,3,curve,ethereum,dex,0xac63c167955007d5166fec43255ad5675efc3102,0xac63c167955007d5166fec43255ad5675efc3102,,0x573fff325f4a20db909fbbe7d037e17c486d8697-0x6b175474e89094c44da98b954eedeac495271d0f-0xa0b86991c6218b36c1d19d4a2e9eb0ce3606eb48-0xdac17f958d2ee523a2206206994597c13d831ec7,,,
0x421cb018b91b4048faac1760cee3b66026b940f2,3,curve,ethereum,dex,0x421cb018b91b4048faac1760cee3b66026b940f2,0x421cb018b91b4048faac1760cee3b66026b940f2,,0xc92caa33f8ce55123437b88ace245f915d6a0953-0x6b175474e89094c44da98b954eedeac495271d0f-0xa0b86991c6218b36c1d19d4a2e9eb0ce3606eb48-0xdac17f958d2ee523a2206206994597c13d831ec7,,,
0x4ace85cf348f316384a96b4739a1ab58f5123e7a,3,curve,ethereum,dex,0x4ace85cf348f316384a96b4739a1ab58f5123e7a,0x4ace85cf348f316384a96b4739a1ab58f5123e7a,,0xb239556beb879dbe313e2334aa924ed734e4e1bc-0x6b175474e89094c44da98b954eedeac495271d0f-0xa0b86991c6218b36c1d19d4a2e9eb0ce3606eb48-0xdac17f958d2ee523a2206206994597c13d831ec7,,,
0x23078d5bc3aad79aefa8773079ee703168f15cf5,3,curve,ethereum,dex,0x23078d5bc3aad79aefa8773079ee703168f15cf5,0x23078d5bc3aad79aefa8773079ee703168f15cf5,,0xddd2fb8dba3e1f8c6ddd1bcb1d8460f33adb897d-0x6b175474e89094c44da98b954eedeac495271d0f-0xa0b86991c6218b36c1d19d4a2e9eb0ce3606eb48-0xdac17f958d2ee523a2206206994597c13d831ec7,,,
0xafcc5dadcdcfc4d353ab2d36fbd57b80513a34e6,3,curve,ethereum,dex,0xafcc5dadcdcfc4d353ab2d36fbd57b80513a34e6,0xafcc5dadcdcfc4d353ab2d36fbd57b80513a34e6,,0xf3d907f9c7cb0b45de0fddfe9311b52f09a1c614-0x6b175474e89094c44da98b954eedeac495271d0f-0xa0b86991c6218b36c1d19d4a2e9eb0ce3606eb48-0xdac17f958d2ee523a2206206994597c13d831ec7,,,
0xe764fb1f870d621a197951f1a27aac6d4f930329,3,curve,ethereum,dex,0xe764fb1f870d621a197951f1a27aac6d4f930329,0xe764fb1f870d621a197951f1a27aac6d4f930329,,0x2a924f39780c1ec568c2c2a169a13584a2e81e7d-0x6b175474e89094c44da98b954eedeac495271d0f-0xa0b86991c6218b36c1d19d4a2e9eb0ce3606eb48-0xdac17f958d2ee523a2206206994597c13d831ec7,,,
0xaf47f0877a9b26fff12ec8253e07f92f89c6805d,3,curve,ethereum,dex,0xaf47f0877a9b26fff12ec8253e07f92f89c6805d,0xaf47f0877a9b26fff12ec8253e07f92f89c6805d,,0xae9949c8bdd8e6976ce775153c760d5ef75c4a4d-0x6b175474e89094c44da98b954eedeac495271d0f-0xa0b86991c6218b36c1d19d4a2e9eb0ce3606eb48-0xdac17f958d2ee523a2206206994597c13d831ec7,,,
0x273afbf6e257aae160749a61d4b83e06a841c3eb,3,curve,ethereum,dex,0x273afbf6e257aae160749a61d4b83e06a841c3eb,0x273afbf6e257aae160749a61d4b83e06a841c3eb,,0x513d29d2b296a51b40a35c4d63884e0ac0a8d075-0x6b175474e89094c44da98b954eedeac495271d0f-0xa0b86991c6218b36c1d19d4a2e9eb0ce3606eb48-0xdac17f958d2ee523a2206206994597c13d831ec7,,,
0xfb51e37cebc5d6f1569004206629bb7e47b6843f,3,curve,ethereum,dex,0xfb51e37cebc5d6f1569004206629bb7e47b6843f,0xfb51e37cebc5d6f1569004206629bb7e47b6843f,,0x4616638bb5688673452fdfdaf3f7711d0722d96d-0x6b175474e89094c44da98b954eedeac495271d0f-0xa0b86991c6218b36c1d19d4a2e9eb0ce3606eb48-0xdac17f958d2ee523a2206206994597c13d831ec7,,,
0x152d13e62952a7c74c536bb3c8b7bd91853f076a,3,curve,ethereum,dex,0x152d13e62952a7c74c536bb3c8b7bd91853f076a,0x152d13e62952a7c74c536bb3c8b7bd91853f076a,,0x956f47f50a910163d8bf957cf5846d573e7f87ca-0x6b175474e89094c44da98b954eedeac495271d0f-0xa0b86991c6218b36c1d19d4a2e9eb0ce3606eb48-0xdac17f958d2ee523a2206206994597c13d831ec7,,,
0xf01e56475ea4081e6640914b2310e1aa8f09d2e1,3,curve,ethereum,dex,0xf01e56475ea4081e6640914b2310e1aa8f09d2e1,0xf01e56475ea4081e6640914b2310e1aa8f09d2e1,,0xc7283b66eb1eb5fb86327f08e1b5816b0720212b-0x6b175474e89094c44da98b954eedeac495271d0f-0xa0b86991c6218b36c1d19d4a2e9eb0ce3606eb48-0xdac17f958d2ee523a2206206994597c13d831ec7,,,
0xbe735e6dd6c47d86bf8510d3c36cba1a359b8ddc,3,curve,ethereum,dex,0xbe735e6dd6c47d86bf8510d3c36cba1a359b8ddc,0xbe735e6dd6c47d86bf8510d3c36cba1a359b8ddc,,0x6a426a279380cacc4428db42b8f5c53a7fd06662-0x6b175474e89094c44da98b954eedeac495271d0f-0xa0b86991c6218b36c1d19d4a2e9eb0ce3606eb48-0xdac17f958d2ee523a2206206994597c13d831ec7,,,
0xd97f71bc0ecb40b105dbacf5225d847d9c2334f8,3,curve,ethereum,dex,0xd97f71bc0ecb40b105dbacf5225d847d9c2334f8,0xd97f71bc0ecb40b105dbacf5225d847d9c2334f8,,0x810c4b2a31665ef77b75d2410aceb29f0f099096-0x6b175474e89094c44da98b954eedeac495271d0f-0xa0b86991c6218b36c1d19d4a2e9eb0ce3606eb48-0xdac17f958d2ee523a2206206994597c13d831ec7,,,
0x2009f19a8b46642e92ea19adcdfb23ab05fc20a6,3,curve,ethereum,dex,0x2009f19a8b46642e92ea19adcdfb23ab05fc20a6,0x2009f19a8b46642e92ea19adcdfb23ab05fc20a6,,0x810c4b2a31665ef77b75d2410aceb29f0f099096-0x6b175474e89094c44da98b954eedeac495271d0f-0xa0b86991c6218b36c1d19d4a2e9eb0ce3606eb48-0xdac17f958d2ee523a2206206994597c13d831ec7,,,
0xed279fdd11ca84beef15af5d39bb4d4bee23f0ca,3,curve,ethereum,dex,0xed279fdd11ca84beef15af5d39bb4d4bee23f0ca,0xed279fdd11ca84beef15af5d39bb4d4bee23f0ca,,0x5f98805a4e8be255a32880fdec7f6728c6568ba0-0x6b175474e89094c44da98b954eedeac495271d0f-0xa0b86991c6218b36c1d19d4a2e9eb0ce3606eb48-0xdac17f958d2ee523a2206206994597c13d831ec7,,,
0xa46649ffe1860d79dbe777930af8e802b8b48ac4,3,curve,ethereum,dex,0xa46649ffe1860d79dbe777930af8e802b8b48ac4,0xa46649ffe1860d79dbe777930af8e802b8b48ac4,,0x18880a0cb468fc76ed63e023a0a510e9fb9fbd2f-0x6b175474e89094c44da98b954eedeac495271d0f-0xa0b86991c6218b36c1d19d4a2e9eb0ce3606eb48-0xdac17f958d2ee523a2206206994597c13d831ec7,,,
0x4807862aa8b2bf68830e4c8dc86d0e9a998e085a,3,curve,ethereum,dex,0x4807862aa8b2bf68830e4c8dc86d0e9a998e085a,0x4807862aa8b2bf68830e4c8dc86d0e9a998e085a,,0x4fabb145d64652a948d72533023f6e7a623c7c53-0x6b175474e89094c44da98b954eedeac495271d0f-0xa0b86991c6218b36c1d19d4a2e9eb0ce3606eb48-0xdac17f958d2ee523a2206206994597c13d831ec7,,,
0x87ca9ac842905628a83df72a23aa480091bb682e,3,curve,ethereum,dex,0x87ca9ac842905628a83df72a23aa480091bb682e,0x87ca9ac842905628a83df72a23aa480091bb682e,,0xe1406825186d63980fd6e2ec61888f7b91c4bae4-0xeb4c2781e4eba804ce9a9803c67d0893436bb27d-0x2260fac5e5542a773aa44fbcfedf7c193bc2c599-0xfe18be6b3bd88a2d2a7f928d00292e7a9963cfc6,,,
0x51714b15ab2c2172914a005f4f2889f16af7003c,3,curve,ethereum,dex,0x51714b15ab2c2172914a005f4f2889f16af7003c,0x51714b15ab2c2172914a005f4f2889f16af7003c,,0x751af265374df8eb065e1dbd8132e7eb7e97a7d0-0x6b175474e89094c44da98b954eedeac495271d0f-0xa0b86991c6218b36c1d19d4a2e9eb0ce3606eb48-0xdac17f958d2ee523a2206206994597c13d831ec7,,,
0x92719d8b48795cbccd7ec68114ea7a2db8065140,3,curve,ethereum,dex,0x92719d8b48795cbccd7ec68114ea7a2db8065140,0x92719d8b48795cbccd7ec68114ea7a2db8065140,,0x6cd591ff4148c6edefcab97925113c040728afab-0x6b175474e89094c44da98b954eedeac495271d0f-0xa0b86991c6218b36c1d19d4a2e9eb0ce3606eb48-0xdac17f958d2ee523a2206206994597c13d831ec7,,,
0xf5c511e559342087d30a793705228bfeb881c325,3,curve,ethereum,dex,0xf5c511e559342087d30a793705228bfeb881c325,0xf5c511e559342087d30a793705228bfeb881c325,,0xf35a04a8d018c49153f6163c03f8153da8b6e23d-0x6b175474e89094c44da98b954eedeac495271d0f-0xa0b86991c6218b36c1d19d4a2e9eb0ce3606eb48-0xdac17f958d2ee523a2206206994597c13d831ec7,,,
0xb0c6ce798da73f455c2ac4d669c9f4106c251193,3,curve,ethereum,dex,0xb0c6ce798da73f455c2ac4d669c9f4106c251193,0xb0c6ce798da73f455c2ac4d669c9f4106c251193,,0xd6f22f71399104ced96054e7cab0a76926c413a6-0x6b175474e89094c44da98b954eedeac495271d0f-0xa0b86991c6218b36c1d19d4a2e9eb0ce3606eb48-0xdac17f958d2ee523a2206206994597c13d831ec7,,,
0xdcb5be55674cec407d8a6d28ae2098feddf2c296,3,curve,ethereum,dex,0xdcb5be55674cec407d8a6d28ae2098feddf2c296,0xdcb5be55674cec407d8a6d28ae2098feddf2c296,,0xe1406825186d63980fd6e2ec61888f7b91c4bae4-0xeb4c2781e4eba804ce9a9803c67d0893436bb27d-0x2260fac5e5542a773aa44fbcfedf7c193bc2c599-0xfe18be6b3bd88a2d2a7f928d00292e7a9963cfc6,,,
0xcf2be480d37777e6ee846e935e57aaae1fd466f4,3,curve,ethereum,dex,0xcf2be480d37777e6ee846e935e57aaae1fd466f4,0xcf2be480d37777e6ee846e935e57aaae1fd466f4,,0x02355248c6bfe873d6e3d82cdc6e1fe54a63627a-0x6b175474e89094c44da98b954eedeac495271d0f-0xa0b86991c6218b36c1d19d4a2e9eb0ce3606eb48-0xdac17f958d2ee523a2206206994597c13d831ec7,,,
0xf5e2e90952d3bdf8e9aca1fb38fa195f0a108a9d,3,curve,ethereum,dex,0xf5e2e90952d3bdf8e9aca1fb38fa195f0a108a9d,0xf5e2e90952d3bdf8e9aca1fb38fa195f0a108a9d,,0x96f2ed52824863f9b85a5231b81dafcb066695c9-0x6b175474e89094c44da98b954eedeac495271d0f-0xa0b86991c6218b36c1d19d4a2e9eb0ce3606eb48-0xdac17f958d2ee523a2206206994597c13d831ec7,,,
0xda3b4449e055c76a740dc5796afc7be2a535a70f,3,curve,ethereum,dex,0xda3b4449e055c76a740dc5796afc7be2a535a70f,0xda3b4449e055c76a740dc5796afc7be2a535a70f,,0xf74af96eb48a3146e16b33c32837900a1be7fa40-0x6b175474e89094c44da98b954eedeac495271d0f-0xa0b86991c6218b36c1d19d4a2e9eb0ce3606eb48-0xdac17f958d2ee523a2206206994597c13d831ec7,,,
0x1e20205cd346cd8e5fca92fcea34ead4057e4ae5,3,curve,ethereum,dex,0x1e20205cd346cd8e5fca92fcea34ead4057e4ae5,0x1e20205cd346cd8e5fca92fcea34ead4057e4ae5,,0xae6d35c25bfc72ab3366af415ca8eff93e487f24-0x6b175474e89094c44da98b954eedeac495271d0f-0xa0b86991c6218b36c1d19d4a2e9eb0ce3606eb48-0xdac17f958d2ee523a2206206994597c13d831ec7,,,
0x11fbfe3a6c183dcd6fd9baa42fe39206174a6c00,3,curve,ethereum,dex,0x11fbfe3a6c183dcd6fd9baa42fe39206174a6c00,0x11fbfe3a6c183dcd6fd9baa42fe39206174a6c00,,0xfc96d415d59614b5200652427bb8b24eb52341c3-0x6b175474e89094c44da98b954eedeac495271d0f-0xa0b86991c6218b36c1d19d4a2e9eb0ce3606eb48-0xdac17f958d2ee523a2206206994597c13d831ec7,,,
0xf9ef8a8de38cea3196a4e009ad7a7af6f5a3d776,3,curve,ethereum,dex,0xf9ef8a8de38cea3196a4e009ad7a7af6f5a3d776,0xf9ef8a8de38cea3196a4e009ad7a7af6f5a3d776,,0xa6f69cd607e4afe5117bff03ea8c7d677944dfdb-0x6b175474e89094c44da98b954eedeac495271d0f-0xa0b86991c6218b36c1d19d4a2e9eb0ce3606eb48-0xdac17f958d2ee523a2206206994597c13d831ec7,,,
0x9d7ee35a38952bd5ad36db0bf435a298363ac1aa,3,curve,ethereum,dex,0x9d7ee35a38952bd5ad36db0bf435a298363ac1aa,0x9d7ee35a38952bd5ad36db0bf435a298363ac1aa,,0x38d0665172f1167fd6c3240a01c6158f1fbe0d41-0x6b175474e89094c44da98b954eedeac495271d0f-0xa0b86991c6218b36c1d19d4a2e9eb0ce3606eb48-0xdac17f958d2ee523a2206206994597c13d831ec7,,,
0x4eb0bb03a246b955d36316a96be314885c23a1b0,3,curve,ethereum,dex,0x4eb0bb03a246b955d36316a96be314885c23a1b0,0x4eb0bb03a246b955d36316a96be314885c23a1b0,,0x2c448acd9e04d34fe74059e3748287390e9bdda9-0x6b175474e89094c44da98b954eedeac495271d0f-0xa0b86991c6218b36c1d19d4a2e9eb0ce3606eb48-0xdac17f958d2ee523a2206206994597c13d831ec7,,,
0xda3028f415374de92cd5a7c64f865a6b1aabf804,3,curve,ethereum,dex,0xda3028f415374de92cd5a7c64f865a6b1aabf804,0xda3028f415374de92cd5a7c64f865a6b1aabf804,,0xe44c86c6d52773175d5f6f1fa97219d21f09e0d5-0x6b175474e89094c44da98b954eedeac495271d0f-0xa0b86991c6218b36c1d19d4a2e9eb0ce3606eb48-0xdac17f958d2ee523a2206206994597c13d831ec7,,,
0x0750da0ed0a4448ed516c326d702e7fee88f4ad9,3,curve,ethereum,dex,0x0750da0ed0a4448ed516c326d702e7fee88f4ad9,0x0750da0ed0a4448ed516c326d702e7fee88f4ad9,,0x753724342046c366a05675a9bcf7083f1de21c5c-0x6b175474e89094c44da98b954eedeac495271d0f-0xa0b86991c6218b36c1d19d4a2e9eb0ce3606eb48-0xdac17f958d2ee523a2206206994597c13d831ec7,,,
0xe69fc18b2252f5c3cf8b8c35ce06af0bb461d476,3,curve,ethereum,dex,0xe69fc18b2252f5c3cf8b8c35ce06af0bb461d476,0xe69fc18b2252f5c3cf8b8c35ce06af0bb461d476,,0xd59108ff65cd7c1aef309fc92e8706746e80c09a-0x6b175474e89094c44da98b954eedeac495271d0f-0xa0b86991c6218b36c1d19d4a2e9eb0ce3606eb48-0xdac17f958d2ee523a2206206994597c13d831ec7,,,
0x3c7ac391ad242c7c2cfbf004ed72c0bdf9d620cc,3,curve,ethereum,dex,0x3c7ac391ad242c7c2cfbf004ed72c0bdf9d620cc,0x3c7ac391ad242c7c2cfbf004ed72c0bdf9d620cc,,0x8cc2ead1457af98dfb2c811bf6d01c2560ef40cc-0x6b175474e89094c44da98b954eedeac495271d0f-0xa0b86991c6218b36c1d19d4a2e9eb0ce3606eb48-0xdac17f958d2ee523a2206206994597c13d831ec7,,,
0x883f7d4b6b24f8bf1db980951ad08930d9aec6bc,3,curve,ethereum,dex,0x883f7d4b6b24f8bf1db980951ad08930d9aec6bc,0x883f7d4b6b24f8bf1db980951ad08930d9aec6bc,,0x3fa372155439e9150a99d86a1de93a92f26b00c8-0x6b175474e89094c44da98b954eedeac495271d0f-0xa0b86991c6218b36c1d19d4a2e9eb0ce3606eb48-0xdac17f958d2ee523a2206206994597c13d831ec7,,,
0xd5c91b8161924f389a33e97fc8624431a53858f5,3,curve,ethereum,dex,0xd5c91b8161924f389a33e97fc8624431a53858f5,0xd5c91b8161924f389a33e97fc8624431a53858f5,,0x1f2930909396b40ef7b64aff8f148430b344e428-0x6b175474e89094c44da98b954eedeac495271d0f-0xa0b86991c6218b36c1d19d4a2e9eb0ce3606eb48-0xdac17f958d2ee523a2206206994597c13d831ec7,,,
0xdd577f3c26e322d6e790947d5e56362c3f99cc6d,3,curve,ethereum,dex,0xdd577f3c26e322d6e790947d5e56362c3f99cc6d,0xdd577f3c26e322d6e790947d5e56362c3f99cc6d,,0x3a200791aa0642e6ba1af118aac46b34c24c91bf-0x6b175474e89094c44da98b954eedeac495271d0f-0xa0b86991c6218b36c1d19d4a2e9eb0ce3606eb48-0xdac17f958d2ee523a2206206994597c13d831ec7,,,
0x9231dff16be1020dce7dd6f48d565fda123c11c8,3,curve,ethereum,dex,0x9231dff16be1020dce7dd6f48d565fda123c11c8,0x9231dff16be1020dce7dd6f48d565fda123c11c8,,0x5882ab1ab5da409ed3ba48dce3684824b642c8cb-0x6b175474e89094c44da98b954eedeac495271d0f-0xa0b86991c6218b36c1d19d4a2e9eb0ce3606eb48-0xdac17f958d2ee523a2206206994597c13d831ec7,,,
0xaf7c2fb62ea78bd5be98f716de55b480c354f17b,3,curve,ethereum,dex,0xaf7c2fb62ea78bd5be98f716de55b480c354f17b,0xaf7c2fb62ea78bd5be98f716de55b480c354f17b,,0xdfb2c2222b305efca2e414083cf42318d442ab9f-0x6b175474e89094c44da98b954eedeac495271d0f-0xa0b86991c6218b36c1d19d4a2e9eb0ce3606eb48-0xdac17f958d2ee523a2206206994597c13d831ec7,,,
0x5c277d5cc9b258ca957ff83ec41d153c4df7619a,3,curve,ethereum,dex,0x5c277d5cc9b258ca957ff83ec41d153c4df7619a,0x5c277d5cc9b258ca957ff83ec41d153c4df7619a,,0xa839d74fe0e456c8fcd4d9bb8759861afcbbd1ce-0x6b175474e89094c44da98b954eedeac495271d0f-0xa0b86991c6218b36c1d19d4a2e9eb0ce3606eb48-0xdac17f958d2ee523a2206206994597c13d831ec7,,,
0x3eac18b3e7a4663d38cb6edb6024cad9d5e76a49,3,curve,ethereum,dex,0x3eac18b3e7a4663d38cb6edb6024cad9d5e76a49,0x3eac18b3e7a4663d38cb6edb6024cad9d5e76a49,,0x2ea853fd316a3d6e400bc688ad4a8f61efaab322-0x6b175474e89094c44da98b954eedeac495271d0f-0xa0b86991c6218b36c1d19d4a2e9eb0ce3606eb48-0xdac17f958d2ee523a2206206994597c13d831ec7,,,
0x6448113f6c31f738b7c6b24c1b4a1cf23c6133f2,3,curve,ethereum,dex,0x6448113f6c31f738b7c6b24c1b4a1cf23c6133f2,0x6448113f6c31f738b7c6b24c1b4a1cf23c6133f2,,0xb54539d39529ce58fb63877debc6d6b70e3eca01-0x6b175474e89094c44da98b954eedeac495271d0f-0xa0b86991c6218b36c1d19d4a2e9eb0ce3606eb48-0xdac17f958d2ee523a2206206994597c13d831ec7,,,
0xe75916b70c0e1c58bb605948066151ea449561f4,3,curve,ethereum,dex,0xe75916b70c0e1c58bb605948066151ea449561f4,0xe75916b70c0e1c58bb605948066151ea449561f4,,0xed86b7ce1924c6acef801edd87bda29e486a16ea-0x6b175474e89094c44da98b954eedeac495271d0f-0xa0b86991c6218b36c1d19d4a2e9eb0ce3606eb48-0xdac17f958d2ee523a2206206994597c13d831ec7,,,
0x5400234516485a8e474a6f1c34dbed940a1a866e,3,curve,ethereum,dex,0x5400234516485a8e474a6f1c34dbed940a1a866e,0x5400234516485a8e474a6f1c34dbed940a1a866e,,0x0cab5a7dcab521af5404fa604b85113267d38444-0x6b175474e89094c44da98b954eedeac495271d0f-0xa0b86991c6218b36c1d19d4a2e9eb0ce3606eb48-0xdac17f958d2ee523a2206206994597c13d831ec7,,,
0x1e556f647f79e734530f2b354fbf339553fb1f6e,3,curve,ethereum,dex,0x1e556f647f79e734530f2b354fbf339553fb1f6e,0x1e556f647f79e734530f2b354fbf339553fb1f6e,,0x4491ba118c7c358817b6b453ee329a02e93012bc-0x6b175474e89094c44da98b954eedeac495271d0f-0xa0b86991c6218b36c1d19d4a2e9eb0ce3606eb48-0xdac17f958d2ee523a2206206994597c13d831ec7,,,
0xc55834c9cdf6e92e0ceb181fd07f6243eac0f598,3,curve,ethereum,dex,0xc55834c9cdf6e92e0ceb181fd07f6243eac0f598,0xc55834c9cdf6e92e0ceb181fd07f6243eac0f598,,0x54de230ff753be1e2313fa567cb22f7d5fae80d9-0x6b175474e89094c44da98b954eedeac495271d0f-0xa0b86991c6218b36c1d19d4a2e9eb0ce3606eb48-0xdac17f958d2ee523a2206206994597c13d831ec7,,,
0xf6b657cb19a4cb2af427d50f3054104871100d52,3,curve,ethereum,dex,0xf6b657cb19a4cb2af427d50f3054104871100d52,0xf6b657cb19a4cb2af427d50f3054104871100d52,,0xde79d36ab6d2489dd36729a657a25f299cb2fbca-0xeb4c2781e4eba804ce9a9803c67d0893436bb27d-0x2260fac5e5542a773aa44fbcfedf7c193bc2c599-0xfe18be6b3bd88a2d2a7f928d00292e7a9963cfc6,,,
0x56680fdebdd3e31f79938fa1222bfea4706a0758,3,curve,ethereum,dex,0x56680fdebdd3e31f79938fa1222bfea4706a0758,0x56680fdebdd3e31f79938fa1222bfea4706a0758,,0xf3d948cea0fadd9bfc63745f8469922184910a5e-0x6b175474e89094c44da98b954eedeac495271d0f-0xa0b86991c6218b36c1d19d4a2e9eb0ce3606eb48-0xdac17f958d2ee523a2206206994597c13d831ec7,,,
0x0212133321479b183637e52942564162bcc37c1d,3,curve,ethereum,dex,0x0212133321479b183637e52942564162bcc37c1d,0x0212133321479b183637e52942564162bcc37c1d,,0xf006f6898a814d498927524e7a9745ec05fee18a-0x6b175474e89094c44da98b954eedeac495271d0f-0xa0b86991c6218b36c1d19d4a2e9eb0ce3606eb48-0xdac17f958d2ee523a2206206994597c13d831ec7,,,
0x8e49801018361abb1ede67d5b12907a5f895c623,3,curve,ethereum,dex,0x8e49801018361abb1ede67d5b12907a5f895c623,0x8e49801018361abb1ede67d5b12907a5f895c623,,0x79519ae4bda45252e23ea84f48f2447b768f5193-0x6b175474e89094c44da98b954eedeac495271d0f-0xa0b86991c6218b36c1d19d4a2e9eb0ce3606eb48-0xdac17f958d2ee523a2206206994597c13d831ec7,,,
0x46f5ab27914a670cfe260a2dedb87f84c264835f,3,curve,ethereum,dex,0x46f5ab27914a670cfe260a2dedb87f84c264835f,0x46f5ab27914a670cfe260a2dedb87f84c264835f,,0xe7d18f2507869280111025f4938376846e8ad11a-0x6b175474e89094c44da98b954eedeac495271d0f-0xa0b86991c6218b36c1d19d4a2e9eb0ce3606eb48-0xdac17f958d2ee523a2206206994597c13d831ec7,,,
0x2206cf41e7db9393a3bcbb6ad35d344811523b46,3,curve,ethereum,dex,0x2206cf41e7db9393a3bcbb6ad35d344811523b46,0x2206cf41e7db9393a3bcbb6ad35d344811523b46,,0xb556bb40e40f4af34d9eea04d2ff7db2674939bb-0x6b175474e89094c44da98b954eedeac495271d0f-0xa0b86991c6218b36c1d19d4a2e9eb0ce3606eb48-0xdac17f958d2ee523a2206206994597c13d831ec7,,,
0xc3134ccb0810418dcc2540c7df6e4995a9966d4e,3,curve,ethereum,dex,0xc3134ccb0810418dcc2540c7df6e4995a9966d4e,0xc3134ccb0810418dcc2540c7df6e4995a9966d4e,,0x3143c25447a589e7bb0dbec4ba8fcfeb9fc11150-0x6b175474e89094c44da98b954eedeac495271d0f-0xa0b86991c6218b36c1d19d4a2e9eb0ce3606eb48-0xdac17f958d2ee523a2206206994597c13d831ec7,,,
0x0043fcb34e7470130fde28198571dee092c70bd7,3,curve,ethereum,dex,0x0043fcb34e7470130fde28198571dee092c70bd7,0x0043fcb34e7470130fde28198571dee092c70bd7,,0xa713cc74ee148414bcab46ac2c41c93d84a56b0f-0x6b175474e89094c44da98b954eedeac495271d0f-0xa0b86991c6218b36c1d19d4a2e9eb0ce3606eb48-0xdac17f958d2ee523a2206206994597c13d831ec7,,,
0x439bfae666826a7cb73663e366c12f03d0a13b49,3,curve,ethereum,dex,0x439bfae666826a7cb73663e366c12f03d0a13b49,0x439bfae666826a7cb73663e366c12f03d0a13b49,,0x09c7a3ac261a45be1a6b8d8502035f4491f644ae-0x6b175474e89094c44da98b954eedeac495271d0f-0xa0b86991c6218b36c1d19d4a2e9eb0ce3606eb48-0xdac17f958d2ee523a2206206994597c13d831ec7,,,
0xbc984294cedabe05d7317cc55bcda241a7222615,3,curve,ethereum,dex,0xbc984294cedabe05d7317cc55bcda241a7222615,0xbc984294cedabe05d7317cc55bcda241a7222615,,0xa414b17cbaa24195547369d6affe7fe1f642714a-0x6b175474e89094c44da98b954eedeac495271d0f-0xa0b86991c6218b36c1d19d4a2e9eb0ce3606eb48-0xdac17f958d2ee523a2206206994597c13d831ec7,,,
0x0457e0ed628143b6a6a39f6e3458153f96abb26a,3,curve,ethereum,dex,0x0457e0ed628143b6a6a39f6e3458153f96abb26a,0x0457e0ed628143b6a6a39f6e3458153f96abb26a,,0xc2d0deb48d30d196db9867f5c263396d46a3a48e-0x6b175474e89094c44da98b954eedeac495271d0f-0xa0b86991c6218b36c1d19d4a2e9eb0ce3606eb48-0xdac17f958d2ee523a2206206994597c13d831ec7,,,
0x3c9aeeb08be0c10ca4135e981f2c73df8a28f8a0,3,curve,ethereum,dex,0x3c9aeeb08be0c10ca4135e981f2c73df8a28f8a0,0x3c9aeeb08be0c10ca4135e981f2c73df8a28f8a0,,0x01880e5a97d827a2e77b3f2ca436a0a42fe2dc19-0x6b175474e89094c44da98b954eedeac495271d0f-0xa0b86991c6218b36c1d19d4a2e9eb0ce3606eb48-0xdac17f958d2ee523a2206206994597c13d831ec7,,,
0xdc0b9c549809bd4bde021bd35a99f612d472d827,3,curve,ethereum,dex,0xdc0b9c549809bd4bde021bd35a99f612d472d827,0xdc0b9c549809bd4bde021bd35a99f612d472d827,,0x496b33a6e22d2193360f462e326312260cbdef08-0x6b175474e89094c44da98b954eedeac495271d0f-0xa0b86991c6218b36c1d19d4a2e9eb0ce3606eb48-0xdac17f958d2ee523a2206206994597c13d831ec7,,,
0x8aee2e72ff7e34fc15dcad5bbaa6ab2df1bdeb1c,3,curve,ethereum,dex,0x8aee2e72ff7e34fc15dcad5bbaa6ab2df1bdeb1c,0x8aee2e72ff7e34fc15dcad5bbaa6ab2df1bdeb1c,,0x2da36a502ed49cf2d550edac6f6257252764fe04-0x6b175474e89094c44da98b954eedeac495271d0f-0xa0b86991c6218b36c1d19d4a2e9eb0ce3606eb48-0xdac17f958d2ee523a2206206994597c13d831ec7,,,
0x620e3c54d8c6efca7476d657c57da5eb144d3f81,3,curve,ethereum,dex,0x620e3c54d8c6efca7476d657c57da5eb144d3f81,0x620e3c54d8c6efca7476d657c57da5eb144d3f81,,0x738ea1263e70dbbae98a6093113cb441e65eda10-0x6b175474e89094c44da98b954eedeac495271d0f-0xa0b86991c6218b36c1d19d4a2e9eb0ce3606eb48-0xdac17f958d2ee523a2206206994597c13d831ec7,,,
0x8b93c5727ff8c0e4cd16f8ae8dfe4dac8730c4be,3,curve,ethereum,dex,0x8b93c5727ff8c0e4cd16f8ae8dfe4dac8730c4be,0x8b93c5727ff8c0e4cd16f8ae8dfe4dac8730c4be,,0xa713cc74ee148414bcab46ac2c41c93d84a56b0f-0x6b175474e89094c44da98b954eedeac495271d0f-0xa0b86991c6218b36c1d19d4a2e9eb0ce3606eb48-0xdac17f958d2ee523a2206206994597c13d831ec7,,,
0xd752b367b1d5998446daa6e9eb90d05d12d9f263,3,curve,ethereum,dex,0xd752b367b1d5998446daa6e9eb90d05d12d9f263,0xd752b367b1d5998446daa6e9eb90d05d12d9f263,,0xb0b806a39d838d6854dcf9927420830f7ee53259-0x6b175474e89094c44da98b954eedeac495271d0f-0xa0b86991c6218b36c1d19d4a2e9eb0ce3606eb48-0xdac17f958d2ee523a2206206994597c13d831ec7,,,
0x5a6a4d54456819380173272a5e8e9b9904bdf41b,3,curve,ethereum,dex,0x5a6a4d54456819380173272a5e8e9b9904bdf41b,0x5a6a4d54456819380173272a5e8e9b9904bdf41b,,0x99d8a9c45b2eca8864373a26d1459e3dff1e17f3-0x6b175474e89094c44da98b954eedeac495271d0f-0xa0b86991c6218b36c1d19d4a2e9eb0ce3606eb48-0xdac17f958d2ee523a2206206994597c13d831ec7,,,
0x20955cb69ae1515962177d164dfc9522feef567e,3,curve,ethereum,dex,0x20955cb69ae1515962177d164dfc9522feef567e,0x20955cb69ae1515962177d164dfc9522feef567e,,0x0f644658510c95cb46955e55d7ba9dda9e9fbec6-0x6b175474e89094c44da98b954eedeac495271d0f-0xa0b86991c6218b36c1d19d4a2e9eb0ce3606eb48-0xdac17f958d2ee523a2206206994597c13d831ec7,,,
0xeaf21e096793d92a1028bb6f2570846d79165b48,3,curve,ethereum,dex,0xeaf21e096793d92a1028bb6f2570846d79165b48,0xeaf21e096793d92a1028bb6f2570846d79165b48,,0xc8919a086f05a894d54d6ba945fa2ed24375d34f-0x6b175474e89094c44da98b954eedeac495271d0f-0xa0b86991c6218b36c1d19d4a2e9eb0ce3606eb48-0xdac17f958d2ee523a2206206994597c13d831ec7,,,
0xf420cdabd89a40d98541df39014576ceab01cdc7,3,curve,ethereum,dex,0xf420cdabd89a40d98541df39014576ceab01cdc7,0xf420cdabd89a40d98541df39014576ceab01cdc7,,0x17fb5f39c55903de60e63543067031ce2b2659ee-0x6b175474e89094c44da98b954eedeac495271d0f-0xa0b86991c6218b36c1d19d4a2e9eb0ce3606eb48-0xdac17f958d2ee523a2206206994597c13d831ec7,,,
0xc3018fc8b7ac3a01c1fadb3292b50e6fac417486,3,curve,ethereum,dex,0xc3018fc8b7ac3a01c1fadb3292b50e6fac417486,0xc3018fc8b7ac3a01c1fadb3292b50e6fac417486,,0x9bb1b080b37b6f3fcd38b86b9df04feef16e97b3-0x6b175474e89094c44da98b954eedeac495271d0f-0xa0b86991c6218b36c1d19d4a2e9eb0ce3606eb48-0xdac17f958d2ee523a2206206994597c13d831ec7,,,
0x4df9e1a764fb8df1113ec02fc9dc75963395b508,3,curve,ethereum,dex,0x4df9e1a764fb8df1113ec02fc9dc75963395b508,0x4df9e1a764fb8df1113ec02fc9dc75963395b508,,0x677ddbd918637e5f2c79e164d402454de7da8619-0x6b175474e89094c44da98b954eedeac495271d0f-0xa0b86991c6218b36c1d19d4a2e9eb0ce3606eb48-0xdac17f958d2ee523a2206206994597c13d831ec7,,,
0xeb20b6dda329685863c7193d8c3b13d3def9a02f,3,curve,ethereum,dex,0xeb20b6dda329685863c7193d8c3b13d3def9a02f,0xeb20b6dda329685863c7193d8c3b13d3def9a02f,,0x5197fbe1a86679ff1360e27862bf88b0c5119bd8-0x6b175474e89094c44da98b954eedeac495271d0f-0xa0b86991c6218b36c1d19d4a2e9eb0ce3606eb48-0xdac17f958d2ee523a2206206994597c13d831ec7,,,
0x3279827b8233ab455ba6f6bcb9804ee601bf725b,3,curve,ethereum,dex,0x3279827b8233ab455ba6f6bcb9804ee601bf725b,0x3279827b8233ab455ba6f6bcb9804ee601bf725b,,0x01f7fd324b366380d2145dfa6c7a76fdb75f17b9-0x6b175474e89094c44da98b954eedeac495271d0f-0xa0b86991c6218b36c1d19d4a2e9eb0ce3606eb48-0xdac17f958d2ee523a2206206994597c13d831ec7,,,
0x0c46ac7dc6a06fa5de5a6e74c0726f96c0319900,3,curve,ethereum,dex,0x0c46ac7dc6a06fa5de5a6e74c0726f96c0319900,0x0c46ac7dc6a06fa5de5a6e74c0726f96c0319900,,0xa921392015eb37c5977c4fd77e14dd568c59d5f8-0x6b175474e89094c44da98b954eedeac495271d0f-0xa0b86991c6218b36c1d19d4a2e9eb0ce3606eb48-0xdac17f958d2ee523a2206206994597c13d831ec7,,,
0x80bb24b127b96f8c6637acf3bacae4f5f860f08c,3,curve,ethereum,dex,0x80bb24b127b96f8c6637acf3bacae4f5f860f08c,0x80bb24b127b96f8c6637acf3bacae4f5f860f08c,,0xd0f3063fbd4ce76bbc942f15b80be8026ea8facf-0x6b175474e89094c44da98b954eedeac495271d0f-0xa0b86991c6218b36c1d19d4a2e9eb0ce3606eb48-0xdac17f958d2ee523a2206206994597c13d831ec7,,,
0xfe97d8f55884186e50aedba306ad553911a26a24,3,curve,ethereum,dex,0xfe97d8f55884186e50aedba306ad553911a26a24,0xfe97d8f55884186e50aedba306ad553911a26a24,,0x4289c84aa79953c103fe0767c3aff26ab28cd723-0x6b175474e89094c44da98b954eedeac495271d0f-0xa0b86991c6218b36c1d19d4a2e9eb0ce3606eb48-0xdac17f958d2ee523a2206206994597c13d831ec7,,,
0x5e94a7ee56a168b06c79e5fd972ae0c35cb36fea,3,curve,ethereum,dex,0x5e94a7ee56a168b06c79e5fd972ae0c35cb36fea,0x5e94a7ee56a168b06c79e5fd972ae0c35cb36fea,,0x203f6666028af5520d0364a1fcfe576be2747b5f-0x6b175474e89094c44da98b954eedeac495271d0f-0xa0b86991c6218b36c1d19d4a2e9eb0ce3606eb48-0xdac17f958d2ee523a2206206994597c13d831ec7,,,
0x2a1e73bf81941630869c125194fbf8f5ec060ff0,3,curve,ethereum,dex,0x2a1e73bf81941630869c125194fbf8f5ec060ff0,0x2a1e73bf81941630869c125194fbf8f5ec060ff0,,0x07028f0eb368195e5bd7c621f25a08e2e4e63d54-0x6b175474e89094c44da98b954eedeac495271d0f-0xa0b86991c6218b36c1d19d4a2e9eb0ce3606eb48-0xdac17f958d2ee523a2206206994597c13d831ec7,,,
0x67d9eae741944d4402eb0d1cb3bc3a168ec1764c,3,curve,ethereum,dex,0x67d9eae741944d4402eb0d1cb3bc3a168ec1764c,0x67d9eae741944d4402eb0d1cb3bc3a168ec1764c,,0x1bef2e5de862034fb0ed456df59d29ecadc9934c-0x6b175474e89094c44da98b954eedeac495271d0f-0xa0b86991c6218b36c1d19d4a2e9eb0ce3606eb48-0xdac17f958d2ee523a2206206994597c13d831ec7,,,
0x8cadb80062d6ea09b6d480cb3f955cb7f915b2c7,3,curve,ethereum,dex,0x8cadb80062d6ea09b6d480cb3f955cb7f915b2c7,0x8cadb80062d6ea09b6d480cb3f955cb7f915b2c7,,0x465b0673bbceca807504feb129d67576c698c649-0x6b175474e89094c44da98b954eedeac495271d0f-0xa0b86991c6218b36c1d19d4a2e9eb0ce3606eb48-0xdac17f958d2ee523a2206206994597c13d831ec7,,,
0x6e386f8e746af332d18f5c21f3369835c9c5db16,3,curve,ethereum,dex,0x6e386f8e746af332d18f5c21f3369835c9c5db16,0x6e386f8e746af332d18f5c21f3369835c9c5db16,,0x92fc8e6efdf389e2527d14393b15f543f9a03420-0x6b175474e89094c44da98b954eedeac495271d0f-0xa0b86991c6218b36c1d19d4a2e9eb0ce3606eb48-0xdac17f958d2ee523a2206206994597c13d831ec7,,,
0x57eb6fbe61216d9f8c7c09ad1ee5a3023747244b,3,curve,ethereum,dex,0x57eb6fbe61216d9f8c7c09ad1ee5a3023747244b,0x57eb6fbe61216d9f8c7c09ad1ee5a3023747244b,,0x1bef2e5de862034fb0ed456df59d29ecadc9934c-0x6b175474e89094c44da98b954eedeac495271d0f-0xa0b86991c6218b36c1d19d4a2e9eb0ce3606eb48-0xdac17f958d2ee523a2206206994597c13d831ec7,,,
0x87650d7bbfc3a9f10587d7778206671719d9910d,3,curve,ethereum,dex,0x87650d7bbfc3a9f10587d7778206671719d9910d,0x87650d7bbfc3a9f10587d7778206671719d9910d,,0x2a8e1e676ec238d8a992307b495b45b3feaa5e86-0x6b175474e89094c44da98b954eedeac495271d0f-0xa0b86991c6218b36c1d19d4a2e9eb0ce3606eb48-0xdac17f958d2ee523a2206206994597c13d831ec7,,,
0x6ec80df362d7042c50d4469bcfbc174c9dd9109a,3,curve,ethereum,dex,0x6ec80df362d7042c50d4469bcfbc174c9dd9109a,0x6ec80df362d7042c50d4469bcfbc174c9dd9109a,,0x605d26fbd5be761089281d5cec2ce86eea667109-0x6b175474e89094c44da98b954eedeac495271d0f-0xa0b86991c6218b36c1d19d4a2e9eb0ce3606eb48-0xdac17f958d2ee523a2206206994597c13d831ec7,,,
0x41c84c0e2ee0b740cf0d31f63f3b6f627dc6b393,18,Cream,ethereum,lending,0x41c84c0e2ee0b740cf0d31f63f3b6f627dc6b393,0x41c84c0e2ee0b740cf0d31f63f3b6f627dc6b393,,0xc02aaa39b223fe8d0a0e5c4f27ead9083c756cc2,,,
0x8e595470ed749b85c6f7669de83eae304c2ec68f,18,Cream,ethereum,lending,0x8e595470ed749b85c6f7669de83eae304c2ec68f,0x8e595470ed749b85c6f7669de83eae304c2ec68f,,0x6b175474e89094c44da98b954eedeac495271d0f,,,
0x48759f220ed983db51fa7a8c0d2aab8f3ce4166a,18,Cream,ethereum,lending,0x48759f220ed983db51fa7a8c0d2aab8f3ce4166a,0x48759f220ed983db51fa7a8c0d2aab8f3ce4166a,,0xdac17f958d2ee523a2206206994597c13d831ec7,,,
0x76eb2fe28b36b3ee97f3adae0c69606eedb2a37c,18,Cream,ethereum,lending,0x76eb2fe28b36b3ee97f3adae0c69606eedb2a37c,0x76eb2fe28b36b3ee97f3adae0c69606eedb2a37c,,0xa0b86991c6218b36c1d19d4a2e9eb0ce3606eb48,,,
0xfa3472f7319477c9bfecdd66e4b948569e7621b9,18,Cream,ethereum,lending,0xfa3472f7319477c9bfecdd66e4b948569e7621b9,0xfa3472f7319477c9bfecdd66e4b948569e7621b9,,0x0bc529c00c6401aef6d220be8c6ea1667f6ad93e,,,
0x7736ffb07104c0c400bb0cc9a7c228452a732992,18,Cream,ethereum,lending,0x7736ffb07104c0c400bb0cc9a7c228452a732992,0x7736ffb07104c0c400bb0cc9a7c228452a732992,,0x1494ca1f11d487c2bbe4543e90080aeba4ba3c2b,,,
0x12a9cc33a980daa74e00cc2d1a0e74c57a93d12c,18,Cream,ethereum,lending,0x12a9cc33a980daa74e00cc2d1a0e74c57a93d12c,0x12a9cc33a980daa74e00cc2d1a0e74c57a93d12c,,0xc011a73ee8576fb46f5e1c5751ca3b9fe0af2a6f,,,
0xa7c4054afd3dbbbf5bfe80f41862b89ea05c9806,18,Cream,ethereum,lending,0xa7c4054afd3dbbbf5bfe80f41862b89ea05c9806,0xa7c4054afd3dbbbf5bfe80f41862b89ea05c9806,,0x57ab1ec28d129707052df4df418d58a2d46d5f51,,,
0xe7bff2da8a2f619c2586fb83938fa56ce803aa16,18,Cream,ethereum,lending,0xe7bff2da8a2f619c2586fb83938fa56ce803aa16,0xe7bff2da8a2f619c2586fb83938fa56ce803aa16,,0x514910771af9ca656af840dff83e8264ecf986ca,,,
0x8fc8bfd80d6a9f17fb98a373023d72531792b431,18,Cream,ethereum,lending,0x8fc8bfd80d6a9f17fb98a373023d72531792b431,0x8fc8bfd80d6a9f17fb98a373023d72531792b431,,0x2260fac5e5542a773aa44fbcfedf7c193bc2c599,,,
0xfeeb92386a055e2ef7c2b598c872a4047a7db59f,18,Cream,ethereum,lending,0xfeeb92386a055e2ef7c2b598c872a4047a7db59f,0xfeeb92386a055e2ef7c2b598c872a4047a7db59f,,0x1f9840a85d5af5bf1d1762f925bdaddc4201f984,,,
0x226f3738238932ba0db2319a8117d9555446102f,18,Cream,ethereum,lending,0x226f3738238932ba0db2319a8117d9555446102f,0x226f3738238932ba0db2319a8117d9555446102f,,0x6b3595068778dd592e39a122f4f5a5cf09c90fe2,,,
0x160caed03795365f3a589f10c379ffa7d75d4e76,148,Ellipsis,bsc,dex,0x160caed03795365f3a589f10c379ffa7d75d4e76,0x160caed03795365f3a589f10c379ffa7d75d4e76,,0xe9e7cea3dedca5984780bafc599bd69add087d56-0x8ac76a51cc950d9822d68b83fe1ad97b32cd580d-0x55d398326f99059ff775485246999027b3197955,,3EPS,
0x2477fb288c5b4118315714ad3c7fd7cc69b00bf9,148,Ellipsis,bsc,dex,0x2477fb288c5b4118315714ad3c7fd7cc69b00bf9,0x2477fb288c5b4118315714ad3c7fd7cc69b00bf9,,0x7130d2a12b9bcbfae4f2634d864a1ee1ce3ead9c-0xfce146bf3146100cfe5db4129cf6c82b0ef4ad8c,,btcEPS,
0x556ea0b4c06d043806859c9490072faadc104b63,148,Ellipsis,bsc,dex,0x556ea0b4c06d043806859c9490072faadc104b63,0x556ea0b4c06d043806859c9490072faadc104b63,,0x049d68029688eabf473097a2fc38ef61633a3c7a-0xe9e7cea3dedca5984780bafc599bd69add087d56-0x8ac76a51cc950d9822d68b83fe1ad97b32cd580d-0x55d398326f99059ff775485246999027b3197955,,fUSDT,
0xc6a752948627becab5474a10821df73ff4771a49,148,Ellipsis,bsc,dex,0xc6a752948627becab5474a10821df73ff4771a49,0xc6a752948627becab5474a10821df73ff4771a49,,0x1af3f329e8be154074d8769d1ffa4ee058b1dbc3-0xe9e7cea3dedca5984780bafc599bd69add087d56-0x8ac76a51cc950d9822d68b83fe1ad97b32cd580d-0x55d398326f99059ff775485246999027b3197955,,DAI,
0x8d7408c2b3154f9f97fc6dd24cd36143908d1e52,148,Ellipsis,bsc,dex,0x8d7408c2b3154f9f97fc6dd24cd36143908d1e52,0x8d7408c2b3154f9f97fc6dd24cd36143908d1e52,,0x14016e85a25aeb13065688cafb43044c2ef86784-0xe9e7cea3dedca5984780bafc599bd69add087d56-0x8ac76a51cc950d9822d68b83fe1ad97b32cd580d-0x55d398326f99059ff775485246999027b3197955,,TUSD,
0x60e4ed61c6f17972559e86f2125bf8a30f249088,148,Ellipsis,bsc,dex,0x60e4ed61c6f17972559e86f2125bf8a30f249088,0x60e4ed61c6f17972559e86f2125bf8a30f249088,,0xed28a457a5a76596ac48d87c0f577020f6ea1c4c-0x7130d2a12b9bcbfae4f2634d864a1ee1ce3ead9c-0xfce146bf3146100cfe5db4129cf6c82b0ef4ad8c,,pBTC,
0xf707df3e4c70e40c2f26c660338dd0c81ad280f1,148,Ellipsis,bsc,dex,0xf707df3e4c70e40c2f26c660338dd0c81ad280f1,0xf707df3e4c70e40c2f26c660338dd0c81ad280f1,,0x54261774905f3e6e9718f2abb10ed6555cae308a-0x7130d2a12b9bcbfae4f2634d864a1ee1ce3ead9c-0xfce146bf3146100cfe5db4129cf6c82b0ef4ad8c,,anyBTC,
0x2f8e25c21a17bd9d0c337e1b409e73bc959b41be,148,Ellipsis,bsc,dex,0x2f8e25c21a17bd9d0c337e1b409e73bc959b41be,0x2f8e25c21a17bd9d0c337e1b409e73bc959b41be,,0x03ab98f5dc94996f8c33e15cd4468794d12d41f9-0xe9e7cea3dedca5984780bafc599bd69add087d56-0x8ac76a51cc950d9822d68b83fe1ad97b32cd580d-0x55d398326f99059ff775485246999027b3197955,,USDN,
0x780de1a0e4613da6b65cef7f5fb63d14cbdcfb72,148,Ellipsis,bsc,dex,0x780de1a0e4613da6b65cef7f5fb63d14cbdcfb72,0x780de1a0e4613da6b65cef7f5fb63d14cbdcfb72,,0x23396cf899ca06c4472205fc903bdb4de249d6fc-0xe9e7cea3dedca5984780bafc599bd69add087d56-0x8ac76a51cc950d9822d68b83fe1ad97b32cd580d-0x55d398326f99059ff775485246999027b3197955,,UST,
0xf9045866e7b372def1eff3712ce55fac1a98daf0,148,Ellipsis,bsc,dex,0xf9045866e7b372def1eff3712ce55fac1a98daf0,0xf9045866e7b372def1eff3712ce55fac1a98daf0,,0xa7f552078dcc247c2684336020c03648500c6d9f-0xbb4cdb9cbd36b01bd1cbaebf2de08d9173bc095c,,EPS/BNB,
