version,pid,lpToken
1,0,0x06da0fd433c1a5d7a4faa01111c044910a184553
1,1,0x397ff1542f962076d0bfe58ea045ffa2d347aca0
1,2,0xc3d03e4f041fd4cd388c549ee2a29a9e5075882f
1,3,0xf1f85b2c54a2bd284b1cf4141d64fd171bd85539
1,4,0x31503dcb60119a812fee820bb7042752019f2355
1,5,0x5e63360e891bd60c69445970256c260b0a6a54c6
1,6,0xa1d7b2d891e3a1f9ef4bbc5be20630c2feb1c470
1,7,0x001b6450083e531a5a7bf310bd2c1af4247e23d4
1,8,0xc40d16476380e4037e6b1a2594caf6a6cc8da967
1,9,0xa75f7c2f025f470355515482bde9efa8153536a8
1,10,0xcb2286d9471cc185281c4f763d34a962ed212962
1,11,0x088ee5007c98a9677165d78dd2109ae4a3d04d0c
1,12,0x795065dcc9f64b5614c407a6efdc400da6221fb0
1,13,0x611cde65dea90918c0078ac0400a72b0d25b9bb1
1,14,0xaad22f5543fcdaa694b68f94be177b561836ae57
1,15,0x117d4288b3635021a3d612fe05a3cbf5c717fef2
1,16,0x95b54c8da12bb23f7a5f6e26c38d04acc6f81820
1,17,0x58dc5a51fe44589beb22e8ce67720b5bc5378009
1,18,0xdafd66636e2561b0284edde37e42d192f2844d40
1,19,0x36e2fcccc59e5747ff63a03ea2e5c0c2c14911e7
1,20,0x0cfe7968e7c34a51217a7c9b9dc1690f416e027e
1,21,0xceff51756c56ceffca006cd410b03ffc46dd3a58
1,22,0xf169cea51eb51774cf107c88309717dda20be167
1,23,0x17b3c19bd640a59e832ab73eccf716cb47419846
1,24,0xfcff3b04c499a57778ae2cf05584ab24278a7fcb
1,25,0x382c4a5147fd4090f7be3a9ff398f95638f5d39e
1,26,0x2024324a99231509a3715172d4f4f4e751b38d4d
1,27,0x0be88ac4b5c81700acf3a606a52a31c261a24a35
1,28,0x518d6ce2d7a689a591bf46433443c31615b206c5
1,29,0xe954c2d9ff2a4d260dcd32386b1f9fc8135d2522
1,30,0x0c810e08ff76e2d0beb51b10b4614b8f2b4438f9
1,31,0x6463bd6026a2e7bfab5851b62969a92f7cca0eb6
1,32,0x2dbc7dd86c6cd87b525bd54ea73ebeebbc307f68
1,33,0xba13afecda9beb75de5c56bbaf696b880a5a50dd
1,34,0x68c6d02d44e16f1c20088731ab032f849100d70f
1,35,0x269db91fc3c7fcc275c2e6f22e5552504512811c
1,36,0x742c15d71ea7444964bc39b0ed729b3729adc361
1,37,0xd75ea151a61d06868e31f8988d28dfe5e9df57b4
1,38,0x15e86e6f65ef7ea1dbb72a5e51a07926fb1c82e3
1,39,0xd597924b16cc1904d808285bc9044fd51ceeead7
1,40,0x5a2943b25ce0678dc0b351928d2db331a55d94ea
1,41,0x53aabccae8c1713a6a150d9981d2ee867d0720e8
1,42,0x34b13f8cd184f55d0bd4dd1fe6c07d46f245c7ed
1,43,0xbcedc25cbb0ea44e03e41dc2d00d54fe6d4646db
1,44,0x0f82e57804d0b1f6fab2370a43dcfad3c7cb239c
1,45,0xfb736dad22b879f055c7aebf3a2e8a197f923ea1
1,46,0x69b39b89f9274a16e8a19b78e5eb47a4d91dac9e
1,47,0x0289b9cd5859476ce325aca04309d36addcebdaa
1,48,0x97f34c8e5992eb985c5f740e7ee8c7e48a1de76a
1,49,0x9fc5b87b74b9bd239879491056752eb90188106d
1,50,0x6f58a1aa0248a9f794d13dc78e74fc75140956d7
1,51,0xee6d78755e06c31ae7a5ea2b29b35c073dfc00a9
1,52,0x4f871f310ad0e8a170db0021c0ce066859d37469
1,53,0x364248b2f1f57c5402d244b2d469a35b4c0e9dab
1,54,0xd7c2a4aa31e1bf08dc7ff44c9980fa8573e10c1b
1,55,0x033ecd066376afec5e6383bc9f1f15be4c62dc89
1,56,0xe4455fdec181561e9ffe909dde46aaeaedc55283
1,57,0x0bff31d8179da718a7ee3669853cf9978c90a24a
1,58,0xaf988aff99d3d0cb870812c325c588d8d8cb7de8
1,59,0xc5fa164247d2f8d68804139457146efbde8370f6
1,60,0x35a0d9579b1e886702375364fe9c540f97e4517b
1,61,0x5e94cb9c309775763edbd4abf248a229880e68c6
1,62,0xdc549b8199ec396fd9ff7e431cfc3cf9b40f2163
1,63,0xdff71165a646be71fcfbaa6206342faa503aed5d
1,64,0x378b4c5f2a8a0796a8d4c798ef737cf00ae8e667
1,65,0xef4f1d5007b4ff88c1a56261fec00264af6001fb
1,66,0x1c580cc549d03171b13b55074dc1658f60641c73
1,67,0xf45d97f9d457661783146d63dd13da20ce9bf847
1,68,0x4441eb3076f828d5176f4fe74d7c775542dae106
1,69,0xfb3cd0b8a5371fe93ef92e3988d30df7931e2820
1,70,0x44d34985826578e5ba24ec78c93be968549bb918
1,71,0x23a9292830fc80db7f563edb28d2fe6fb47f8624
1,72,0xb12aa722a3a4566645f079b6f10c89a3205b6c2c
1,73,0x110492b31c59716ac47337e616804e3e3adc0b4a
1,74,0x9360b76f8f5f932ac33d46a3ce82ad6c52a713e5
1,75,0xa73df646512c82550c2b3c0324c4eedee53b400c
1,76,0xadeaa96a81ebba4e3a5525a008ee107385d588c3
1,77,0xf1360c4ae1cead17b588ec1111983d2791b760d3
1,78,0x0040a2cebc65894bc2cfb57565f9acfa33fab137
1,79,0x9cd028b1287803250b1e226f0180eb725428d069
1,80,0x67e475577b4036ee4f0f12fa2d538ed18cef48e3
1,81,0x53e9fb796b2feb4b3184afdf601c2a2797548d88
1,82,0xe5f06db4f3473e7e35490f1f98017728496fe81e
1,83,0x26d8151e631608570f3c28bec769c3afee0d73a3
1,84,0xab3f8e0214d862bf7965d3cec7431d7c1a85cb34
1,85,0x8b00ee8606cc70c2dce68dea0cefe632cca0fb7b
1,86,0xaa500101c73065f755ba9b902d643705ef2523e3
1,87,0xeb1b57d4f7d4557b032b66c422bc94a8e4af859e
1,88,0x5f30aac9a472f6c33d5284f9d340c0d57ef33697
1,89,0x83e5e791f4ab29d1b0941bc4d00f3d6027d1dae5
1,90,0xd8b8b575c943f3d63638c9563b464d204ed8b710
1,91,0xc2b0f2a7f736d3b908bdde8608177c8fc28c1690
1,92,0xb2c29e311916a346304f83aa44527092d5bd4f0f
1,93,0x98c2f9d752e044dc2e1f1743bf0b76a7096eceb2
1,94,0x8c2e6a4af15c94cf4a86cd3c067159f08571d780
1,95,0xfceaaf9792139bf714a694f868a215493461446d
1,96,0xf55c33d94150d93c2cfb833bcca30be388b14964
1,97,0xca658217ce94dfb2156a49a8fad0ff752cac39c2
1,98,0x71817445d11f42506f2d7f54417c935be90ca731
1,99,0xb1d38026062ac10feda072ca0e9b7e35f1f5795a
1,100,0x201e6a9e75df132a8598720433af35fe8d73e94d
1,101,0x66ae32178640813f3c32a9929520bfe4fef5d167
1,102,0x049a1df43ca577c1db44a79cf673b443beed9f89
1,103,0x9a13867048e01c663ce8ce2fe0cdae69ff9f35e3
1,104,0x31d64f9403e82243e71c2af9d8f56c7dbe10c178
1,105,0xa8aec03d5cf2824fd984ee249493d6d4d6740e61
1,106,0x8cd7dadc8e11c8706763e0de7332f5ea91e04e35
1,107,0x51f5953659e7d63cf0ef60b8674ef819c225169e
1,108,0x54bcf4948e32a8706c286416e3ced37284f17fc9
1,109,0xc558f600b34a5f69dd2f0d06cb8a88d829b7420a
1,110,0x87bf6386f7611afa452c642c2835a305a692607d
1,111,0xbe1e98685fb293144325440c16f69954ffcb790c
1,112,0x760166fa4f227da29ecac3bec348f5fa853a1f3c
1,113,0x7b98e476de2c50b6fa284dbd410dd516f9a72b30
1,114,0x02c6260ce42ea5cd055911ed0d4857ecd4583740
1,115,0x663242d053057f317a773d7c262b700616d0b9a0
1,116,0x0eee7f7319013df1f24f5eaf83004fcf9cf49245
1,117,0x18a797c7c70c1bf22fdee1c09062aba709cacf04
1,118,0xa7f11e026a0af768d285360a855f2bded3047530
1,119,0x2ee59d346e41478b9dc2762527facf2082022a29
1,120,0x22def8cf4e481417cb014d9dc64975ba12e3a184
1,121,0x41328fdba556c8c969418ccccb077b7b8d932aa5
1,122,0xfa8c3f98debf3d0a192e2edf9182352332def35c
1,123,0xfa5bc40c3bd5afa8bc2fe6b84562fee16fb2df5f
1,124,0xac63290a9d32cc01c7e2f5d02fc4225f843168a4
1,125,0x9386d6ebbbb9f8002c5238dbd72b2e61ad7d9011
1,126,0xed4290b3c49df20319b3132f7007dcb3b0522e34
1,127,0x17a2194d55f52fd0c711e0e42b41975494bb109b
1,128,0x46acb1187a6d83e26c0bb46a57ffeaf23ad7851e
1,129,0xf79a07cd3488bbafb86df1bad09a6168d935c017
1,130,0xb46736888247c68c995b156ca86426ff32e27cc9
1,131,0x0c48ae092a7d35be0e8ad0e122a02351ba51fedd
1,132,0x10b47177e92ef9d5c6059055d92ddf6290848991
1,133,0xb270176ba6075196df88b855c3ec7776871fdb33
1,134,0xf5a434fbaa1c00b33ea141122603c43de86cc9fe
1,135,0x132eeb05d5cb6829bd34f552cde0b6b708ef5014
1,136,0xbbfd9b37ec6ea1ca612ab4adef6d8c6ece1a4134
1,137,0x1c615074c281c5d88acc6914d408d7e71eb894ee
1,138,0x96f5b7c2be10dc7de02fa8858a8f1bd19c2fa72a
1,139,0x7b504a15ef05f4eed1c07208c5815c49022a0c19
1,140,0x0e26a21013f2f8c0362cfae608b4e69a249d5efc
1,141,0xec78bd3b23ac867fcc028f2db405a1d9a0a2f712
1,142,0x092493a22375de1b17583d924abf9e8bf884491c
1,143,0xfd38565ef22299d491055f0c508f62dd9a669f0f
1,144,0x0267bd35789a5ce247fff6cb1d597597e003cc43
1,145,0xca2ae9c5c491f497dc5625feaef4572076c946c5
1,146,0x608f8af5fd49b5a5421f53f79920c45b96bda83f
1,147,0xd54a895623552853f8d673981cc32eb8f3929dfb
1,148,0x0e7e8dde18e4016ccc15f12301a47ef7b87bdafa
1,149,0xf39ff863730268c9bb867b3a69d031d1c1614b31
1,150,0x0bc5ae46c32d99c434b7383183aca16dd6e9bdc8
1,151,0x3cf1cf47bc87c23cd9410549bd8a75e82c1c73cf
1,152,0xa3dfbf2933ff3d96177bde4928d0f5840ee55600
1,153,0x93e2f3a8277e0360081547d711446e4a1f83546d
1,154,0x938625591adb4e865b882377e2c965f9f9b85e34
1,155,0x38a0469520534fc70c9c0b9de4b8649e36a2ae3e
1,156,0x8486c538dcbd6a707c5b3f730b6413286fe8c854
1,157,0x9c86bc3c72ab97c2234cba8c6c7069009465ae86
1,158,0xb0484fb3ac155aaf7d024b20f1a569ddd6332c32
1,159,0xfe308fe2eb938f772807aec2e87fc762d47c40e0
1,160,0xd3c41c080a73181e108e0526475a690f3616a859
1,161,0x28d70b2d5ada1d8de7f24711b812fd7ab3c0fbc5
1,162,0x1803a3386d44f65746403060ab0137682f554484
1,163,0x05cc2e064e0b48e46015ead9961f1391d74e5f83
1,164,0x75382c52b6f90b3f8014bfcadac2386513f1e3bc
1,165,0xf9440fedc72a0b8030861dcdac39a75b544e7a3c
1,166,0x0a54d4b378c8dbfc7bc93be50c85debafdb87439
1,167,0x87b6f3a2dc6e541a9ce40e58f517953782ae614e
1,168,0x90825add1ad30d7dcefea12c6704a192be6ee94e
1,169,0x31fa985bb0c282a814e7f3f0dce88b2a44197f60
1,170,0xf13eef1c6485348b9c9fa0d5df2d89accc5b0147
1,171,0x5e496b7d72362add1eea7d4903ee2732cd00587d
1,172,0xbe71372995e8e920e4e72a29a51463677a302e8d
1,173,0x328dfd0139e26cb0fef7b0742b49b0fe4325f821
1,174,0xb5c40e038c997c2946b24dc179f7cdcd279d8847
1,175,0xee35e548c7457fcdd51ae95ed09108be660ea374
1,176,0xf5ca27927ffb16bd8c870dcb49750146cce8217c
1,177,0x91a48c69ec3f3ce855fe5054f82d2bef8fd66c43
1,178,0xa1f967f25ae32bd3435e45ea8657de16ce5a4ae6
1,179,0x9e48fadf799e0513d2ef4631478ea186741fa617
1,180,0x7835cb043e8d53a5b361d489956d6c30808349da
1,181,0xc7ff546c6cbc87ad9f6f557db5a0df5c742ca440
1,182,0x033f4a33823595a6dd9df0672fd94de32c65c415
1,183,0xa872d244b8948dfd6cb7bd19f79e7c1bfb7db4a0
1,184,0x750d711277fd27d1ec5256f13f5110e097713a95
1,185,0x34d7d7aaf50ad4944b70b320acb24c95fa2def7c
1,186,0x577959c519c24ee6add28ad96d3531bc6878ba34
1,187,0x662511a91734aea8b06ef770d6ed51cc539772d0
1,188,0xa30911e072a0c88d55b5d0a0984b66b0d04569d0
1,189,0x08af656295e0ea970fc4e35a75e62e5aade3f9af
1,190,0xff7d29c7277d8a8850c473f0b71d7e5c4af45a50
1,191,0xb7b45754167d65347c93f3b28797887b4b6cd2f3
1,192,0x5f92e4300024c447a103c161614e6918e794c764
1,193,0xf678b4a096bb49309b81b2a1c8a966ef5f9756ba
1,194,0x418bc3ff0ba33ad64931160a91c92fa26b35acb0
1,195,0x668edab8a38a962d30602d6fa7ca489484ee3224
1,196,0xc84fb1f76cbdd3b3491e81fe3ff811248d0407e9
1,197,0x561770b93d0530390eb70e17acbbd6e5d2f52a31
1,198,0x4f68e70e3a5308d759961643afcadfc6f74b30f4
1,199,0x0a8d9241998c91747ce1672a0c31af2b33bd87bd
1,200,0x0a7cc061f0ccd2a1b6f07762663a9ec10720fcc5
1,201,0x002469ed116e8e2764f2e0869bd95317ee634334
1,202,0x0ee6f615d982cc1ad4bb9ae3e9bf02ed5b68858e
1,203,0xf71e398b5cbb473a3378bf4335256295a8ed713d
1,204,0x2bb55aad93dee6217bb7887fe563718e5b5976cb
1,205,0x45da3a59850525aab0aca23f0b11f442d4b74c85
1,206,0xcd769f48151ca671f8545e40efe03ff7ffa157fb
1,207,0x795feb1c35dc07991bfd23ab74378885ec86c233
1,208,0x51d24429a72fa5be5b588a0de83a45f12fd57e57
1,209,0xa62d2e74d41d3477f7726e8f6a845269799df573
1,210,0xc2a0254dfe1ac6d39fe17f11ef1af0a3faf87448
1,211,0xb5a98cd1030a7bb28716217e97d18cfa2aac4fc7
1,212,0x659b4642ff3d0719f71eae903ce9f46b20767642
1,213,0x81f535db4df20271be8ab5caff29ba70b3709f90
1,214,0x891535966bec70d447882c3eb1ab3926ddc5f788
1,215,0x82e9c2c3236de403509de0472f2f3e16077bc42d
1,216,0x663045d8ce1c61b9e0af2c3469f17d3c152a66ba
1,217,0xb89313816cc3b2f9ec885860274c266355f2306d
1,218,0x263716dee5b74c5baed665cb19c6017e51296fa2
1,219,0xf9a4e1e117818fc98f9808f3df4d7b72c0df4160
1,220,0x05ad6d7db640f4382184e2d82dd76b4581f8f8f4
1,221,0xbe9081e742d9e24aa0584a4f77382062f033752f
1,222,0x65089e337109ca4caff78b97d40453d37f9d23f8
1,223,0x40a12179260997c55619de3290c5b9918588e791
1,224,0xa01f36655fc3ae0f618b29943c4ac242d71f6f50
1,225,0xa898974410f7e7689bb626b41bc2292c6a0f5694
1,226,0xdf55bd0a205ec067ab1cacfaeef708cf1d93ecfd
1,227,0x809f2b68f59272740508333898d4e9432a839c75
1,228,0x15785398cf9fb677ddcbdb1133585a4d0c65c2d9
1,229,0xa16c84206a6b69c01833101133cc78a47602349d
1,230,0x9461173740d27311b176476fa27e94c681b1ea6b
1,231,0x0c365789dbbb94a29f8720dc465554c587e897db
1,232,0x8d782c5806607e9aafb2ac38c1da3838edf8bd03
1,233,0x34d25a4749867ef8b62a0cd1e2d7b4f7af167e01
1,234,0x164fe0239d703379bddde3c80e4d4800a1cd452b
1,235,0x18d98d452072ac2eb7b74ce3db723374360539f1
1,236,0x4fb3cae84a1264b8bb1911e8915f56660ec8178e
1,237,0x41848373dec2867ef3924e47b2ebd0ee645a54f9
1,238,0x37922c69b08babcceae735a31235c81f1d1e8e43
1,239,0x69ab811953499eb253c5a69ae06275a42b97c9ae
1,240,0x1bec4db6c3bc499f3dbf289f5499c30d541fec97
1,241,0x8f9ef75cd6e610dd8acf8611c344573032fb9c3d
1,242,0xc79faeed130816b38e5996b79b1b3b6568cc599f
1,243,0xd3da6236aecb6b55f571249c011b8eec340a418e
1,244,0x6a091a3406e0073c3cd6340122143009adac0eda
1,245,0x67adc7432ce278486cc84fbc705bf70b5ab33a95
1,246,0x77f3a4fa35bac0ea6cfac69037ac4d3a757240a1
1,247,0x6eafe077df3ad19ade1ce1abdf8bdf2133704f89
1,248,0x3485a7c8913d640245e38564ddc05bfb40104635
1,249,0x17fb5f39c55903de60e63543067031ce2b2659ee
1,250,0xa5e3142b7a5d59f778483a7e0fd3fe4e263388e9
1,251,0x804be24f625c7e23edd9fa68e4582590c57ad2b3
1,252,0x3bfca4fb8054fa42da3e77749b21450a1290beed
1,253,0x9ac60b8b33092c2c0b4ca5af0dec2bcb84657e12
1,254,0x0780b42b3c4caf41933cfc0040d2853363de20a7
1,255,0x82ebcd936c9e938704b65027850e42393f8bc4d4
1,256,0x7229d526d5fd693720b88eb7129058db5d497bce
1,257,0x87b918e76c92818db0c76a4e174447aee6e6d23f
1,258,0xe73ad09925201f21b607ccada9a371c12a2f49c3
1,259,0x2f8ac927aa94293461c75406e90ec0ccfb2748d9
1,260,0xb1eecfea192907fc4bf9c4ce99ac07186075fc51
1,261,0x0d2606158fa76b38c5d58db94b223c3bdcbbf57c
1,262,0x6d6542b07241107b16c71c20f035f190cda75237
1,263,0x2bfd753982ff94f4d2503d6280a68fca5da114a7
1,264,0x94a5a6d050b030e3a6d5211a70ae502afab98d73
1,265,0x51c8796563d9cf2b3d938362a9522f21db2c690d
1,266,0x0ea032decbfbea581d77d4a9b9c5e9db7c102a7c
1,267,0x651c7e8fa0add8c4531440650369533105113282
1,268,0x57024267e8272618f9c5037d373043a8646507e5
1,269,0x6469b34a2a4723163c4902dbbdea728d20693c12
1,270,0x2c51eaa1bcc7b013c3f1d5985cdcb3c56dc3fbc1
1,271,0x0589e281d35ee1acf6d4fd32f1fba60effb5281b
1,272,0xd45afa3649e57a961c001b935ded1c79d81a9d23
1,273,0x613c836df6695c10f0f4900528b6931441ac5d5a
1,274,0x0bb6e2a9858a089437ec678da05e559ffe0af5b2
1,275,0xa914a9b9e03b6af84f9c6bd2e0e8d27d405695db
1,276,0x8911fce375a8414b1b578be66ee691a8d2d4dbf7
1,277,0xe8eb0f7b866a85da49401d04fffcfc1abbf24dfd
1,278,0x986627db5e4aae987f580feb63d475992e5ac0ae
1,279,0x17890deb188f2de6c3e966e053da1c9a111ed4a5
1,280,0xe93b1b5e1dadce8152a69470c1b31463af260296
1,281,0x1241f4a348162d99379a23e73926cf0bfcbf131e
1,282,0x0652687e87a4b8b5370b05bc298ff00d205d9b5f
1,283,0xa2d81bedf22201a77044cdf3ab4d9dc1ffbc391b
1,284,0x82dbc2673e9640343d263a3c55de49021ad39ae2
1,285,0xdbaa04796cb5c05d02b8a41b702d9b67c13c9fa9
1,286,0x8775ae5e83bc5d926b6277579c2b0d40c7d9b528
1,287,0xbbbdb106a806173d1eea1640961533ff3114d69a
1,288,0xb90047676cc13e68632c55cb5b7cbd8a4c5a0a8e
1,289,0xada8b1613ce6fe75f3549fa4eb2a993ca1220a7c
1,290,0x8597fa0773888107e2867d36dd87fe5bafeab328
1,291,0xb124c4e18a282143d362a066736fd60d22393ef4
1,292,0xc96f20099d96b37d7ede66ff9e4de59b9b1065b1
1,293,0x77337ff10206480739a768124a18f3aa8c089153
1,294,0xeefa3b448768dd561af4f743c9e925987a1f8d09
1,295,0x279ca79d5fb2490721512c8ae4767e249d75f41b
1,296,0x0d15e893cf50724382368cafed222cf131b55307
1,297,0x1cb9e12b35199bee15d9ee13696b87bb777776dd
1,298,0xb5de0c3753b6e1b4dba616db82767f17513e6d4e
1,299,0x208226200b45b82212b814f49efa643980a7bdd1
1,300,0x9cee2ad771b57555c93f55d8babc3c8a221e3b74
1,301,0x53813285cc60b13fcd2105c6472a47af01f8ac84
1,302,0xc926990039045611eb1de520c1e249fd0d20a8ea
1,303,0x400043e27415773e4a509c53ac5d7d3c036f6d92
1,304,0x0bec54c89a7d9f15c4e7faa8d47adedf374462ed
1,305,0x4a86c01d67965f8cb3d0aaa2c655705e64097c31
1,306,0x0d9f9c919f1b66a8587a5637b8d1a6a6c5854380
1,307,0xf3d4206b8f2b7c63290661c99a2b494aef3b8c30
1,308,0xc8a6189bb16331b37c7a903b8904201b4ca7accb
1,309,0x5d472c9edece12a75ed7c0584dd02407cb5b47da
1,310,0x698abbbc986c59d02941e18bc96fe2396493339b
1,311,0x38e03a5fb1b1a18d47b364cdd7cdce606397c72c
1,312,0x0463a06fbc8bf28b3f120cd1bfc59483f099d332
1,313,0xef4fa701fa5df88ef0d5707d6144e446a1a2238b
1,314,0x0225e940deecc32a8d7c003cfb7dae22af18460c
1,315,0x0a2f9b5360b5c7b6d3ce826971425b3b8b766519
1,316,0xfd52305d58f612aad5f7e5e331c7a0d77e352ec3
1,317,0xec87cb93ecd0fe2f80dbd0d85431eacf1de09d50
1,318,0xe339c1d0a744053cbceb0d2dc2d13967c8a69586
1,319,0xd829de54877e0b66a2c3890b702fa5df2245203e
1,320,0x854b54c39c4d8c6c781ad6f7b036338d47f163f8
1,321,0xafa5767374ba12c59a79182e8e4e27d27f1d9aa6
1,322,0x5ba61c0a8c4dcccc200cd0ccc40a5725a426d002
1,323,0xfdf12d1f85b5082877a6e070524f50f6c84faa6b
1,324,0x195b2ed7dfb2bb19c63b8b06677d46934c0c4eea
1,325,0x07d5695a24904cc1b6e3bd57cc7780b90618e3c4
1,326,0xec3bdd98f0461a7966510d2f26bafc6680aab2c5
1,327,0xfffae4a0f4ac251f4705717cd24cadccc9f33e06
1,328,0xc83ce8612164ef7a13d17ddea4271dd8e8eebe5d
1,329,0xec8c342bc3e07f05b9a782bc34e7f04fb9b44502
1,330,0xe55c3e83852429334a986b265d03b879a3d188ac
1,331,0x24e2adf50c49633039757ab08bff489b7c5bd6b2
1,332,0xa5c475167f03b1556c054e0da78192cd2779087f
1,333,0xce7e98d4da6ebda6af474ea618c6b175729cd366
1,334,0x62ccb80f72cc5c975c5bc7fb4433d3c336ce5ceb
1,335,0xeaadde1e14c587a7fb4ba78ea78109bb32975f1e
1,336,0x95cfa1f48fad82232772d3b1415ad4393517f3b5
1,337,0x9ebc2a125b1daf3b8a56cb52fa81f89a199e2b38
1,338,0x481ddaf90c59d91f3e480e6793122e62612ca5a9
1,339,0x1365707157a1ec841064a18d2a1771c677df9a1c
1,340,0x2734f4a846d1127f4b5d3bab261facfe51df1d9a
1,341,0x1f4c763bde1d4832b3ea0640e66da00b98831355
1,342,0x9d45081706102e7aaddd0973268457527722e274
1,343,0xa55b28c07bc43feb42119e83f5b56de89eb54712
2,0,0xc3f279090a47e80990fe3a9c30d24cb117ef91a8
2,1,0x05767d9ef41dc40689678ffca0608878fb3de906
2,2,0x33f6ddaea2a8a54062e021873bcaee006cdf4007
2,3,0x269db91fc3c7fcc275c2e6f22e5552504512811c
2,4,0xb2c29e311916a346304f83aa44527092d5bd4f0f
2,5,0xa730d4679de7b1fd554dbb4258780eb821979250
2,6,0x99b42f2b49c395d2a77d973f6009abb5d67da343
2,7,0xb1eecfea192907fc4bf9c4ce99ac07186075fc51
2,8,0xfceaaf9792139bf714a694f868a215493461446d
2,9,0x17890deb188f2de6c3e966e053da1c9a111ed4a5
2,10,0x30045ad74f4475e82dcdc269952581ecb7cd2bad
2,11,0x15e86e6f65ef7ea1dbb72a5e51a07926fb1c82e3
2,12,0xe9a889e6963f122a98f8083d951c71329c726c0a
2,13,0x6469b34a2a4723163c4902dbbdea728d20693c12
2,14,0xd4e7a6e2d03e4e48dfc27dd3f46df1c176647e38
2,15,0xc5578194d457dcce3f272538d1ad52c68d1ce849
2,16,0x877d9c970b8b5501e95967fe845b7293f63e72f7
2,17,0xe12af1218b4e9272e9628d7c7dc6354d137d024e
2,18,0xe4ebd836832f1a8a81641111a5b081a2f90b9430
2,19,0xcfa9a297a406a48d1137172c18de04c944b47ba9
2,20,0x53162d78dca413d9e28cf62799d17a9e278b60e8
2,21,0xb50580b0d81d9fe860746387cef9a8fc36d48d49
2,22,0xf79321e80acd5fa590936f09acb90ec6471fcbc4
2,23,0x1e888882d0f291dd88c5605108c72d414f29d460
2,24,0xa1181481beb2dc5de0daf2c85392d81c704bf75d
2,25,0x53813285cc60b13fcd2105c6472a47af01f8ac84
2,26,0x295685c8fe08d8192981d21ea1fe856a07443920
2,27,0x18cd890f4e23422dc4aa8c2d6e0bd3f3bd8873d8
2,28,0x37fc088cfd67349be00f5504d00ddb7f2274b3f6
2,29,0xb2aef5dbec896830b7391c3d7dee130ad36b8e9f
2,30,0x6e939360196c7f044871b17770268e8a04556121
2,31,0x458ae80894a0924ac763c034977e330c565f1687
2,32,0xfe9a776154f30281517d4f06578591911906f4e1
2,33,0x7c03cf21483fa45006e81669b991af3a16733a44
2,34,0x1b803af96f37ae51fa753e13e1d2e372dfa17791
2,35,0x55d8ec728ea72477c6db12ca497a803c8db361e9
2,36,0xea9b00b169dda4cbc9fa0a64b0d1e4a6a23a3f34
2,37,0xdd487b90450e90029b107d1c9ad9955cebd2c7e5
2,38,0x0e05e398b979720504bcb9b15c43719cde84e530
2,39,0x29c827ce49accf68a1a278c67c9d30c52fbbc348
2,40,0xec87cb93ecd0fe2f80dbd0d85431eacf1de09d50
2,41,0x4e726311e7036d7be9a9b2a1e9e00c48aeec28ae
2,42,0x559ebe4e206e6b4d50e9bd3008cda7ce640c52cb
2,43,0xb264dc9d22ece51aaa6028c5cbf2738b684560d6
2,44,0xbb19141e045b133169d7c7160c5e54a54cc821b2
